detection,lab_id,latitude,longitude,nuclide_id,salinity,sampdepth,samplabcode,station,temperatur,begperiod,uncertaint,unit_id,activity,samptype_id
=,345,78.83317,-0.003666667,28,34.9311,395.8,1,47,1.7576,2020-08-27,1.3419825e+08,9,1.7025338e+09,1
=,345,78.83317,-0.003666667,28,34.9311,395.8,1,47,1.7576,2020-08-27,1.375192e+08,12,1.7446657e+09,1
=,345,78.83317,-0.003666667,108,34.9311,395.8,1,47,1.7576,2020-08-27,1.0875681e+06,9,1.3177053e+07,1
=,345,78.83317,-0.003666667,108,34.9311,395.8,1,47,1.7576,2020-08-27,1.12e+06,12,1.357e+07,1
=,345,78.83317,-0.003666667,64,34.9311,395.8,1,47,1.7576,2020-08-27,3.79467e+14,9,8.474763e+15,1
=,345,78.83317,-0.003666667,28,34.9247,198.3,2,47,2.4914,2020-08-27,1.549447e+08,9,1.9666042e+09,1
=,345,78.83317,-0.003666667,28,34.9247,198.3,2,47,2.4914,2020-08-27,1.5877803e+08,12,2.0152577e+09,1
=,345,78.83317,-0.003666667,108,34.9247,198.3,2,47,2.4914,2020-08-27,456836.8,9,1.2169355e+07,1
=,345,78.83317,-0.003666667,108,34.9247,198.3,2,47,2.4914,2020-08-27,470000.0,12,1.252e+07,1
=,345,78.83317,-0.003666667,64,34.9247,198.3,2,47,2.4914,2020-08-27,1.517868e+14,9,7.8676156e+15,1
=,345,78.83317,-0.003666667,28,34.9469,148.9,3,47,2.9641,2020-08-27,1.6465034e+08,9,2.0904128e+09,1
=,345,78.83317,-0.003666667,28,34.9469,148.9,3,47,2.9641,2020-08-27,1.6872563e+08,12,2.1421531e+09,1
=,345,78.83317,-0.003666667,108,34.9469,148.9,3,47,2.9641,2020-08-27,1.1861272e+06,9,1.1579324e+07,1
=,345,78.83317,-0.003666667,108,34.9469,148.9,3,47,2.9641,2020-08-27,1.22e+06,12,1.191e+07,1
=,345,78.83317,-0.003666667,64,34.9469,148.9,3,47,2.9641,2020-08-27,3.541692e+14,9,7.8170203e+15,1
=,345,78.83317,-0.003666667,28,34.9915,99.6,4,47,4.0705,2020-08-27,1.8311168e+08,9,2.327136e+09,1
=,345,78.83317,-0.003666667,28,34.9915,99.6,4,47,4.0705,2020-08-27,1.876378e+08,12,2.3846574e+09,1
=,345,78.83317,-0.003666667,108,34.9915,99.6,4,47,4.0705,2020-08-27,602950.3,9,1.3381607e+07,1
=,345,78.83317,-0.003666667,108,34.9915,99.6,4,47,4.0705,2020-08-27,620000.0,12,1.376e+07,1
=,345,78.83317,-0.003666667,64,34.9915,99.6,4,47,4.0705,2020-08-27,2.782758e+14,9,7.9182114e+15,1
=,345,78.83317,-0.003666667,28,34.9148,74.1,5,47,4.1901,2020-08-27,2.0849483e+08,9,2.634892e+09,1
=,345,78.83317,-0.003666667,28,34.9148,74.1,5,47,4.1901,2020-08-27,2.1365038e+08,12,2.7000466e+09,1
=,345,78.83317,-0.003666667,108,34.9148,74.1,5,47,4.1901,2020-08-27,476614.5,9,1.3909362e+07,1
=,345,78.83317,-0.003666667,108,34.9148,74.1,5,47,4.1901,2020-08-27,490000.0,12,1.43e+07,1
=,345,78.83317,-0.003666667,64,34.9148,74.1,5,47,4.1901,2020-08-27,2.023824e+14,9,7.842318e+15,1
=,345,78.83317,-0.003666667,28,34.2432,50.1,6,47,-0.3385,2020-08-27,3.09525e+08,9,3.9317059e+09,1
=,345,78.83317,-0.003666667,28,34.2432,50.1,6,47,-0.3385,2020-08-27,3.1701197e+08,12,4.0268086e+09,1
=,345,78.83317,-0.003666667,108,34.2432,50.1,6,47,-0.3385,2020-08-27,1.3621716e+06,9,1.6239032e+07,1
=,345,78.83317,-0.003666667,108,34.2432,50.1,6,47,-0.3385,2020-08-27,1.4e+06,12,1.669e+07,1
=,345,78.83317,-0.003666667,64,34.2432,50.1,6,47,-0.3385,2020-08-27,6.32445e+14,9,7.7664245e+15,1
=,345,78.83317,-0.003666667,28,33.7958,24.5,7,47,0.056,2020-08-27,3.2440973e+08,9,4.1213033e+09,1
=,345,78.83317,-0.003666667,28,33.7958,24.5,7,47,0.056,2020-08-27,3.3215907e+08,12,4.2197512e+09,1
=,345,78.83317,-0.003666667,108,33.7958,24.5,7,47,0.056,2020-08-27,934593.06,9,1.723156e+07,1
=,345,78.83317,-0.003666667,108,33.7958,24.5,7,47,0.056,2020-08-27,960000.0,12,1.77e+07,1
=,345,78.83317,-0.003666667,64,33.7958,24.5,7,47,0.056,2020-08-27,3.035736e+14,9,7.7664245e+15,1
=,345,78.83317,-0.003666667,28,33.0243,4.9,8,47,0.8306,2020-08-27,3.3656698e+08,9,4.27612e+09,1
=,345,78.83317,-0.003666667,28,33.0243,4.9,8,47,0.8306,2020-08-27,3.444422e+08,12,4.3761756e+09,1
=,345,78.83317,-0.003666667,108,33.0243,4.9,8,47,0.8306,2020-08-27,2.035909e+06,9,1.6569767e+07,1
=,345,78.83317,-0.003666667,108,33.0243,4.9,8,47,0.8306,2020-08-27,2.09e+06,12,1.701e+07,1
=,345,78.83317,-0.003666667,64,33.0243,4.9,8,47,0.8306,2020-08-27,3.288714e+14,9,7.5640425e+15,1
=,345,78.833336,-1.0001667,28,34.9166,2506.3,9,49,-0.7197,2020-08-28,1.5743152e+07,9,1.4743434e+08,1
=,345,78.833336,-1.0001667,28,34.9166,2506.3,9,49,-0.7197,2020-08-28,1.6134113e+07,12,1.5109568e+08,1
=,345,78.833336,-1.0001667,108,34.9166,2506.3,9,49,-0.7197,2020-08-28,384636.2,9,4.548323e+06,1
=,345,78.833336,-1.0001667,108,34.9166,2506.3,9,49,-0.7197,2020-08-28,400000.0,12,4.73e+06,1
=,345,78.833336,-1.0001667,64,34.9166,2506.3,9,49,-0.7197,2020-08-28,6.071472e+14,9,7.9182114e+15,1
=,345,78.833336,-1.0001667,28,34.8903,396.2,10,49,1.4451,2020-08-28,1.4283731e+08,9,1.7941448e+09,1
=,345,78.833336,-1.0001667,28,34.8903,396.2,10,49,1.4451,2020-08-28,1.4636602e+08,12,1.838468e+09,1
=,345,78.833336,-1.0001667,108,34.8903,396.2,10,49,1.4451,2020-08-28,980759.9,9,1.4070505e+07,1
=,345,78.833336,-1.0001667,108,34.8903,396.2,10,49,1.4451,2020-08-28,1.01e+06,12,1.449e+07,1
=,345,78.833336,-1.0001667,64,34.8903,396.2,10,49,1.4451,2020-08-28,4.047648e+14,9,7.7411266e+15,1
=,345,78.833336,-1.0001667,28,34.9937,198.0,11,49,3.1287,2020-08-28,1.3897408e+08,9,1.6056338e+09,1
=,345,78.833336,-1.0001667,28,34.9937,198.0,11,49,3.1287,2020-08-28,1.4241797e+08,12,1.6454228e+09,1
=,345,78.833336,-1.0001667,108,34.9937,198.0,11,49,3.1287,2020-08-28,699842.6,9,1.1518243e+07,1
=,345,78.833336,-1.0001667,108,34.9937,198.0,11,49,3.1287,2020-08-28,720000.0,12,1.185e+07,1
=,345,78.833336,-1.0001667,64,34.9937,198.0,11,49,3.1287,2020-08-28,2.782758e+14,9,7.943509e+15,1
=,345,78.833336,-1.0001667,28,34.9991,148.4,12,49,3.3689,2020-08-28,1.4808758e+08,9,1.8665971e+09,1
=,345,78.833336,-1.0001667,28,34.9991,148.4,12,49,3.3689,2020-08-28,1.5175557e+08,12,1.9128308e+09,1
=,345,78.833336,-1.0001667,108,34.9991,148.4,12,49,3.3689,2020-08-28,952806.44,9,1.1248949e+07,1
=,345,78.833336,-1.0001667,108,34.9991,148.4,12,49,3.3689,2020-08-28,980000.0,12,1.157e+07,1
=,345,78.833336,-1.0001667,64,34.9991,148.4,12,49,3.3689,2020-08-28,3.035736e+14,9,8.0194024e+15,1
=,345,78.833336,-1.0001667,28,34.9769,99.3,13,49,3.9754,2020-08-28,1.771978e+08,9,2.2377147e+09,1
=,345,78.833336,-1.0001667,28,34.9769,99.3,13,49,3.9754,2020-08-28,1.8158462e+08,12,2.293113e+09,1
=,345,78.833336,-1.0001667,108,34.9769,99.3,13,49,3.9754,2020-08-28,583522.8,9,1.1184187e+07,1
=,345,78.833336,-1.0001667,108,34.9769,99.3,13,49,3.9754,2020-08-28,600000.0,12,1.15e+07,1
=,345,78.833336,-1.0001667,64,34.9769,99.3,13,49,3.9754,2020-08-28,3.79467e+14,9,7.994105e+15,1
=,345,78.833336,-1.0001667,28,34.9931,74.3,14,49,4.5045,2020-08-28,2.1800038e+08,9,2.7650573e+09,1
=,345,78.833336,-1.0001667,28,34.9931,74.3,14,49,4.5045,2020-08-28,2.2339608e+08,12,2.8334948e+09,1
=,345,78.833336,-1.0001667,108,34.9931,74.3,14,49,4.5045,2020-08-28,2.2274678e+06,9,1.1565324e+07,1
=,345,78.833336,-1.0001667,108,34.9931,74.3,14,49,4.5045,2020-08-28,2.29e+06,12,1.189e+07,1
=,345,78.833336,-1.0001667,64,34.9931,74.3,14,49,4.5045,2020-08-28,3.035736e+14,9,8.0194024e+15,1
=,345,78.833336,-1.0001667,28,34.5783,50.1,15,49,2.2947,2020-08-28,3.0535206e+08,9,3.8894272e+09,1
=,345,78.833336,-1.0001667,28,34.5783,50.1,15,49,2.2947,2020-08-28,3.128921e+08,12,3.9854684e+09,1
=,345,78.833336,-1.0001667,108,34.5783,50.1,15,49,2.2947,2020-08-28,1.0896562e+06,9,1.364989e+07,1
=,345,78.833336,-1.0001667,108,34.5783,50.1,15,49,2.2947,2020-08-28,1.12e+06,12,1.403e+07,1
=,345,78.833336,-1.0001667,64,34.5783,50.1,15,49,2.2947,2020-08-28,2.52978e+14,9,7.9182114e+15,1
=,345,78.833336,-1.0001667,28,34.4592,24.9,16,49,5.3368,2020-08-28,2.881383e+08,9,3.669954e+09,1
=,345,78.833336,-1.0001667,28,34.4592,24.9,16,49,5.3368,2020-08-28,2.952313e+08,12,3.760296e+09,1
=,345,78.833336,-1.0001667,108,34.4592,24.9,16,49,5.3368,2020-08-28,1.314029e+06,9,1.4035777e+07,1
=,345,78.833336,-1.0001667,108,34.4592,24.9,16,49,5.3368,2020-08-28,1.35e+06,12,1.442e+07,1
=,345,78.833336,-1.0001667,64,34.4592,24.9,16,49,5.3368,2020-08-28,6.071472e+14,9,7.715829e+15,1
=,345,78.833336,-1.9995,28,34.8783,395.9,18,51,1.2764,2020-08-28,1.500758e+08,9,1.8981137e+09,1
=,345,78.833336,-1.9995,28,34.8783,395.9,18,51,1.2764,2020-08-28,1.5378194e+08,12,1.9449876e+09,1
=,345,78.833336,-1.9995,108,34.8783,395.9,18,51,1.2764,2020-08-28,1.505121e+06,9,1.4575397e+07,1
=,345,78.833336,-1.9995,108,34.8783,395.9,18,51,1.2764,2020-08-28,1.55e+06,12,1.501e+07,1
=,345,78.833336,-1.9995,64,34.8783,395.9,18,51,1.2764,2020-08-28,4.047648e+14,9,8.500061e+15,1
=,345,78.833336,-1.9995,28,34.9438,198.0,19,51,2.7144,2020-08-28,1.6623499e+08,9,2.0982927e+09,1
=,345,78.833336,-1.9995,28,34.9438,198.0,19,51,2.7144,2020-08-28,1.703464e+08,12,2.1501885e+09,1
=,345,78.833336,-1.9995,108,34.9438,198.0,19,51,2.7144,2020-08-28,554043.2,9,1.1284984e+07,1
=,345,78.833336,-1.9995,108,34.9438,198.0,19,51,2.7144,2020-08-28,570000.0,12,1.161e+07,1
=,345,78.833336,-1.9995,64,34.9438,198.0,19,51,2.7144,2020-08-28,2.276802e+14,9,7.943509e+15,1
=,345,78.833336,-1.9995,28,34.9559,148.8,20,51,3.1226,2020-08-28,1.7602502e+08,9,2.229836e+09,1
=,345,78.833336,-1.9995,28,34.9559,148.8,20,51,3.1226,2020-08-28,1.8037795e+08,12,2.2849777e+09,1
=,345,78.833336,-1.9995,108,34.9559,148.8,20,51,3.1226,2020-08-28,1.03058394e+06,9,1.1258643e+07,1
=,345,78.833336,-1.9995,108,34.9559,148.8,20,51,3.1226,2020-08-28,1.06e+06,12,1.158e+07,1
=,345,78.833336,-1.9995,64,34.9559,148.8,20,51,3.1226,2020-08-28,6.071472e+14,9,7.9182114e+15,1
=,345,78.833336,-1.9995,28,34.9059,99.5,21,51,3.1449,2020-08-28,1.9073696e+08,9,2.408728e+09,1
=,345,78.833336,-1.9995,28,34.9059,99.5,21,51,3.1449,2020-08-28,1.9544242e+08,12,2.468151e+09,1
=,345,78.833336,-1.9995,108,34.9059,99.5,21,51,3.1449,2020-08-28,1.4101561e+06,9,1.3304094e+07,1
=,345,78.833336,-1.9995,108,34.9059,99.5,21,51,3.1449,2020-08-28,1.45e+06,12,1.368e+07,1
=,345,78.833336,-1.9995,64,34.9059,99.5,21,51,3.1449,2020-08-28,4.047648e+14,9,7.943509e+15,1
=,345,78.833336,-1.9995,28,34.4837,74.7,22,51,0.5989,2020-08-28,2.3638242e+08,9,2.9899103e+09,1
=,345,78.833336,-1.9995,28,34.4837,74.7,22,51,0.5989,2020-08-28,2.4215155e+08,12,3.062882e+09,1
=,345,78.833336,-1.9995,108,34.4837,74.7,22,51,0.5989,2020-08-28,1.3812504e+06,9,2.0349124e+07,1
=,345,78.833336,-1.9995,108,34.4837,74.7,22,51,0.5989,2020-08-28,1.42e+06,12,2.092e+07,1
=,345,78.833336,-1.9995,64,34.4837,74.7,22,51,0.5989,2020-08-28,3.288714e+14,9,7.7664245e+15,1
=,345,78.833336,-1.9995,28,34.21,49.3,23,51,-0.2088,2020-08-28,3.0117392e+08,9,3.8245732e+09,1
=,345,78.833336,-1.9995,28,34.21,49.3,23,51,-0.2088,2020-08-28,3.0845306e+08,12,3.91701e+09,1
=,345,78.833336,-1.9995,108,34.21,49.3,23,51,-0.2088,2020-08-28,973021.5,9,1.8915538e+07,1
=,345,78.833336,-1.9995,108,34.21,49.3,23,51,-0.2088,2020-08-28,1e+06,12,1.944e+07,1
=,345,78.833336,-1.9995,64,34.21,49.3,23,51,-0.2088,2020-08-28,1.517868e+14,9,7.6905314e+15,1
=,345,78.833336,-1.9995,28,34.135,24.9,24,51,3.3519,2020-08-28,3.3668147e+08,9,4.2895363e+09,1
=,345,78.833336,-1.9995,28,34.135,24.9,24,51,3.3519,2020-08-28,3.448051e+08,12,4.3930363e+09,1
=,345,78.833336,-1.9995,108,34.135,24.9,24,51,3.3519,2020-08-28,798083.3,9,1.6448302e+07,1
=,345,78.833336,-1.9995,108,34.135,24.9,24,51,3.3519,2020-08-28,820000.0,12,1.69e+07,1
=,345,78.833336,-1.9995,64,34.135,24.9,24,51,3.3519,2020-08-28,1.517868e+14,9,7.6652335e+15,1
=,345,78.833336,-1.9995,28,33.6572,4.2,25,51,3.8641,2020-08-28,3.1482358e+08,9,4.010615e+09,1
=,345,78.833336,-1.9995,28,33.6572,4.2,25,51,3.8641,2020-08-28,3.224272e+08,12,4.1074796e+09,1
=,345,78.833336,-1.9995,108,33.6572,4.2,25,51,3.8641,2020-08-28,837241.0,9,1.3872888e+07,1
=,345,78.833336,-1.9995,108,33.6572,4.2,25,51,3.8641,2020-08-28,860000.0,12,1.425e+07,1
=,345,78.833336,-1.9995,64,33.6572,4.2,25,51,3.8641,2020-08-28,4.300626e+14,9,7.8170203e+15,1
=,345,78.83217,-3.0051668,28,34.9423,395.7,26,54,1.937,2020-08-28,1.4017926e+08,9,1.7658294e+09,1
=,345,78.83217,-3.0051668,28,34.9423,395.7,26,54,1.937,2020-08-28,1.4364683e+08,12,1.8095101e+09,1
=,345,78.83217,-3.0051668,108,34.9423,395.7,26,54,1.937,2020-08-28,1.116706e+06,9,1.2817842e+07,1
=,345,78.83217,-3.0051668,108,34.9423,395.7,26,54,1.937,2020-08-28,1.15e+06,12,1.32e+07,1
=,345,78.83217,-3.0051668,64,34.9423,395.7,26,54,1.937,2020-08-28,4.300626e+14,9,8.575954e+15,1
=,345,78.83217,-3.0051668,28,34.9417,197.8,27,54,2.7163,2020-08-28,1.8212995e+08,9,2.31449e+09,1
=,345,78.83217,-3.0051668,28,34.9417,197.8,27,54,2.7163,2020-08-28,1.8662858e+08,12,2.3716582e+09,1
=,345,78.83217,-3.0051668,108,34.9417,197.8,27,54,2.7163,2020-08-28,933126.9,9,1.2441691e+07,1
=,345,78.83217,-3.0051668,108,34.9417,197.8,27,54,2.7163,2020-08-28,960000.0,12,1.28e+07,1
=,345,78.83217,-3.0051668,64,34.9417,197.8,27,54,2.7163,2020-08-28,4.553604e+14,9,7.943509e+15,1
=,345,78.83217,-3.0051668,28,34.9026,148.7,28,54,2.9675,2020-08-28,1.8991158e+08,9,2.4141015e+09,1
=,345,78.83217,-3.0051668,28,34.9026,148.7,28,54,2.9675,2020-08-28,1.9460214e+08,12,2.4737267e+09,1
=,345,78.83217,-3.0051668,108,34.9026,148.7,28,54,2.9675,2020-08-28,952822.3,9,1.1735271e+07,1
=,345,78.83217,-3.0051668,108,34.9026,148.7,28,54,2.9675,2020-08-28,980000.0,12,1.207e+07,1
=,345,78.83217,-3.0051668,64,34.9026,148.7,28,54,2.9675,2020-08-28,4.047648e+14,9,7.8676156e+15,1
=,345,78.83217,-3.0051668,28,34.6873,99.2,29,54,2.4281,2020-08-28,2.518622e+08,9,3.205385e+09,1
=,345,78.83217,-3.0051668,28,34.6873,99.2,29,54,2.4281,2020-08-28,2.5804595e+08,12,3.2840837e+09,1
=,345,78.83217,-3.0051668,108,34.6873,99.2,29,54,2.4281,2020-08-28,962901.94,9,1.4219824e+07,1
=,345,78.83217,-3.0051668,108,34.6873,99.2,29,54,2.4281,2020-08-28,990000.0,12,1.462e+07,1
=,345,78.83217,-3.0051668,64,34.6873,99.2,29,54,2.4281,2020-08-28,4.300626e+14,9,8.069998e+15,1
=,345,78.83217,-3.0051668,28,34.4361,74.5,30,54,2.3197,2020-08-28,3.0099507e+08,9,3.8336154e+09,1
=,345,78.83217,-3.0051668,28,34.4361,74.5,30,54,2.3197,2020-08-28,3.0828134e+08,12,3.9264166e+09,1
=,345,78.83217,-3.0051668,108,34.4361,74.5,30,54,2.3197,2020-08-28,1.0702332e+06,9,1.4409231e+07,1
=,345,78.83217,-3.0051668,108,34.4361,74.5,30,54,2.3197,2020-08-28,1.1e+06,12,1.481e+07,1
=,345,78.83217,-3.0051668,64,34.4361,74.5,30,54,2.3197,2020-08-28,4.300626e+14,9,8.221785e+15,1
=,345,78.83217,-3.0051668,28,34.0099,49.6,31,54,2.5105,2020-08-28,3.3601238e+08,9,4.2815232e+09,1
=,345,78.83217,-3.0051668,28,34.0099,49.6,31,54,2.5105,2020-08-28,3.4408784e+08,12,4.384422e+09,1
=,345,78.83217,-3.0051668,108,34.0099,49.6,31,54,2.5105,2020-08-28,1.1290796e+06,9,1.3743624e+07,1
=,345,78.83217,-3.0051668,108,34.0099,49.6,31,54,2.5105,2020-08-28,1.16e+06,12,1.412e+07,1
=,345,78.83217,-3.0051668,64,34.0099,49.6,31,54,2.5105,2020-08-28,4.300626e+14,9,7.6652335e+15,1
=,345,78.83217,-3.0051668,28,33.1421,24.8,32,54,-1.1341,2020-08-28,3.527354e+08,9,4.4944763e+09,1
=,345,78.83217,-3.0051668,28,33.1421,24.8,32,54,-1.1341,2020-08-28,3.610168e+08,12,4.5999964e+09,1
=,345,78.83217,-3.0051668,108,33.1421,24.8,32,54,-1.1341,2020-08-28,915471.9,9,1.3878164e+07,1
=,345,78.83217,-3.0051668,108,33.1421,24.8,32,54,-1.1341,2020-08-28,940000.0,12,1.425e+07,1
=,345,78.83217,-3.0051668,64,33.1421,24.8,32,54,-1.1341,2020-08-28,4.300626e+14,9,7.5134467e+15,1
=,345,78.83217,-3.0051668,28,,5.4,33,54,0.0987,2020-08-28,3.6963738e+08,9,4.7111813e+09,1
=,345,78.83217,-3.0051668,28,,5.4,33,54,0.0987,2020-08-28,3.775829e+08,12,4.8124503e+09,1
=,345,78.83217,-3.0051668,108,,5.4,33,54,0.0987,2020-08-28,1.239401e+06,9,1.6297636e+07,1
=,345,78.83217,-3.0051668,108,,5.4,33,54,0.0987,2020-08-28,1.27e+06,12,1.67e+07,1
=,345,78.83217,-3.0051668,64,,5.4,33,54,0.0987,2020-08-28,4.300626e+14,9,6.6786194e+15,1
=,345,78.83317,-3.9998333,28,34.832,396.0,34,57,0.8147,2020-08-29,1.1638364e+08,9,1.4636353e+09,1
=,345,78.83317,-3.9998333,28,34.832,396.0,34,57,0.8147,2020-08-29,1.19251944e+08,12,1.4997069e+09,1
=,345,78.83317,-3.9998333,108,34.832,396.0,34,57,0.8147,2020-08-29,1.3109188e+06,9,2.1955462e+07,1
=,345,78.83317,-3.9998333,108,34.832,396.0,34,57,0.8147,2020-08-29,1.35e+06,12,2.261e+07,1
=,345,78.83317,-3.9998333,64,34.832,396.0,34,57,0.8147,2020-08-29,2.782758e+14,9,7.8929135e+15,1
=,345,78.83317,-3.9998333,28,34.3311,198.3,35,57,-0.4437,2020-08-29,2.5667763e+08,9,3.2669704e+09,1
=,345,78.83317,-3.9998333,28,34.3311,198.3,35,57,-0.4437,2020-08-29,2.6292125e+08,12,3.3464384e+09,1
=,345,78.83317,-3.9998333,108,34.3311,198.3,35,57,-0.4437,2020-08-29,1.419414e+06,9,2.3692548e+07,1
=,345,78.83317,-3.9998333,108,34.3311,198.3,35,57,-0.4437,2020-08-29,1.46e+06,12,2.437e+07,1
=,345,78.83317,-3.9998333,64,34.3311,198.3,35,57,-0.4437,2020-08-29,4.300626e+14,9,8.9048255e+15,1
=,345,78.83317,-3.9998333,28,34.0197,149.0,36,57,-1.3924,2020-08-29,3.6807955e+08,9,4.690963e+09,1
=,345,78.83317,-3.9998333,28,34.0197,149.0,36,57,-1.3924,2020-08-29,3.7691885e+08,12,4.8036147e+09,1
=,345,78.83317,-3.9998333,108,34.0197,149.0,36,57,-1.3924,2020-08-29,870000.0,9,1.921e+07,1
=,345,78.83317,-3.9998333,108,34.0197,149.0,36,57,-1.3924,2020-08-29,894436.75,12,1.9749574e+07,1
=,345,78.83317,-3.9998333,64,34.0197,149.0,36,57,-1.3924,2020-08-29,2.52978e+14,9,7.5134467e+15,1
=,345,78.83317,-3.9998333,28,33.2819,100.4,37,57,-1.425,2020-08-29,3.6230224e+08,9,4.617469e+09,1
=,345,78.83317,-3.9998333,28,33.2819,100.4,37,57,-1.425,2020-08-29,3.7082512e+08,12,4.7260913e+09,1
=,345,78.83317,-3.9998333,108,33.2819,100.4,37,57,-1.425,2020-08-29,1.5087658e+06,9,2.1064316e+07,1
=,345,78.83317,-3.9998333,108,33.2819,100.4,37,57,-1.425,2020-08-29,1.55e+06,12,2.164e+07,1
=,345,78.83317,-3.9998333,64,33.2819,100.4,37,57,-1.425,2020-08-29,4.300626e+14,9,8.727741e+15,1
=,345,78.83317,-3.9998333,28,32.7292,75.4,38,57,-1.6647,2020-08-29,3.5641942e+08,9,4.5416105e+09,1
=,345,78.83317,-3.9998333,28,32.7292,75.4,38,57,-1.6647,2020-08-29,3.6463523e+08,12,4.646299e+09,1
=,345,78.83317,-3.9998333,108,32.7292,75.4,38,57,-1.6647,2020-08-29,1.2466925e+06,9,1.6528416e+07,1
=,345,78.83317,-3.9998333,108,32.7292,75.4,38,57,-1.6647,2020-08-29,1.28e+06,12,1.697e+07,1
=,345,78.83317,-3.9998333,64,32.7292,75.4,38,57,-1.6647,2020-08-29,4.300626e+14,9,7.336362e+15,1
=,345,78.83317,-3.9998333,28,32.3835,50.4,39,57,-1.7008,2020-08-29,2.7010086e+08,9,3.428496e+09,1
=,345,78.83317,-3.9998333,28,32.3835,50.4,39,57,-1.7008,2020-08-29,2.7625712e+08,12,3.5066396e+09,1
=,345,78.83317,-3.9998333,108,32.3835,50.4,39,57,-1.7008,2020-08-29,1.2861471e+06,9,1.8298366e+07,1
=,345,78.83317,-3.9998333,108,32.3835,50.4,39,57,-1.7008,2020-08-29,1.32e+06,12,1.878e+07,1
=,345,78.83317,-3.9998333,64,32.3835,50.4,39,57,-1.7008,2020-08-29,4.300626e+14,9,7.184575e+15,1
=,345,78.83317,-3.9998333,28,32.0473,25.6,40,57,-1.3074,2020-08-29,2.5185797e+08,9,3.196741e+09,1
=,345,78.83317,-3.9998333,28,32.0473,25.6,40,57,-1.3074,2020-08-29,2.57535e+08,12,3.2687977e+09,1
=,345,78.83317,-3.9998333,108,32.0473,25.6,40,57,-1.3074,2020-08-29,1.0819504e+06,9,1.6989546e+07,1
=,345,78.83317,-3.9998333,108,32.0473,25.6,40,57,-1.3074,2020-08-29,1.11e+06,12,1.743e+07,1
=,345,78.83317,-3.9998333,64,32.0473,25.6,40,57,-1.3074,2020-08-29,4.047648e+14,9,8.196487e+15,1
=,345,78.83317,-3.9998333,28,30.9054,5.6,41,57,-1.2116,2020-08-29,3.1706467e+08,9,4.0395853e+09,1
=,345,78.83317,-3.9998333,28,30.9054,5.6,41,57,-1.2116,2020-08-29,3.23914e+08,12,4.1268495e+09,1
=,345,78.83317,-3.9998333,108,30.9054,5.6,41,57,-1.2116,2020-08-29,2.3613785e+06,9,1.801283e+07,1
=,345,78.83317,-3.9998333,108,30.9054,5.6,41,57,-1.2116,2020-08-29,2.42e+06,12,1.846e+07,1
=,345,78.83317,-3.9998333,64,30.9054,5.6,41,57,-1.2116,2020-08-29,4.553604e+14,9,8.069998e+15,1
=,345,78.838,-5.9755,28,34.7853,332.3,42,60,0.973,2020-08-30,1.4404374e+08,9,1.8262892e+09,1
=,345,78.838,-5.9755,28,34.7853,332.3,42,60,0.973,2020-08-30,1.4759013e+08,12,1.8712527e+09,1
=,345,78.838,-5.9755,108,34.7853,332.3,42,60,0.973,2020-08-30,1.8261929e+06,9,1.7397402e+07,1
=,345,78.838,-5.9755,108,34.7853,332.3,42,60,0.973,2020-08-30,1.88e+06,12,1.791e+07,1
=,345,78.838,-5.9755,64,34.7853,332.3,42,60,0.973,2020-08-30,5.05956e+14,9,8.85423e+15,1
=,345,78.838,-5.9755,28,34.2327,197.8,43,60,-0.5892,2020-08-30,2.7971107e+08,9,3.5505736e+09,1
=,345,78.838,-5.9755,28,34.2327,197.8,43,60,-0.5892,2020-08-30,2.8647453e+08,12,3.6364268e+09,1
=,345,78.838,-5.9755,108,34.2327,197.8,43,60,-0.5892,2020-08-30,1.8960224e+06,9,2.4833032e+07,1
=,345,78.838,-5.9755,108,34.2327,197.8,43,60,-0.5892,2020-08-30,1.95e+06,12,2.554e+07,1
=,345,78.838,-5.9755,64,34.2327,197.8,43,60,-0.5892,2020-08-30,4.300626e+14,9,8.6771455e+15,1
=,345,78.838,-5.9755,28,33.7789,148.5,44,60,-1.2155,2020-08-30,3.6604627e+08,9,4.6648207e+09,1
=,345,78.838,-5.9755,28,33.7789,148.5,44,60,-1.2155,2020-08-30,3.7477373e+08,12,4.7760415e+09,1
=,345,78.838,-5.9755,108,33.7789,148.5,44,60,-1.2155,2020-08-30,1.6344074e+06,9,2.157807e+07,1
=,345,78.838,-5.9755,108,33.7789,148.5,44,60,-1.2155,2020-08-30,1.68e+06,12,2.218e+07,1
=,345,78.838,-5.9755,64,33.7789,148.5,44,60,-1.2155,2020-08-30,4.300626e+14,9,8.575954e+15,1
=,345,78.838,-5.9755,28,32.7365,99.1,45,60,-1.6638,2020-08-30,3.5755104e+08,9,4.5569623e+09,1
=,345,78.838,-5.9755,28,32.7365,99.1,45,60,-1.6638,2020-08-30,3.6579926e+08,12,4.662085e+09,1
=,345,78.838,-5.9755,108,32.7365,99.1,45,60,-1.6638,2020-08-30,1.6360715e+06,9,2.3216634e+07,1
=,345,78.838,-5.9755,108,32.7365,99.1,45,60,-1.6638,2020-08-30,1.68e+06,12,2.384e+07,1
=,345,78.838,-5.9755,64,32.7365,99.1,45,60,-1.6638,2020-08-30,4.806582e+14,9,8.221785e+15,1
=,345,78.838,-5.9755,28,32.4451,74.2,46,60,-1.6981,2020-08-30,3.1345085e+08,9,3.9928456e+09,1
=,345,78.838,-5.9755,28,32.4451,74.2,46,60,-1.6981,2020-08-30,3.2061648e+08,12,4.084124e+09,1
=,345,78.838,-5.9755,108,32.4451,74.2,46,60,-1.6981,2020-08-30,1.305396e+06,9,1.6833764e+07,1
=,345,78.838,-5.9755,108,32.4451,74.2,46,60,-1.6981,2020-08-30,1.34e+06,12,1.728e+07,1
=,345,78.838,-5.9755,64,32.4451,74.2,46,60,-1.6981,2020-08-30,4.300626e+14,9,8.095296e+15,1
=,345,78.838,-5.9755,28,32.2175,49.4,47,60,-1.6021,2020-08-30,2.5638021e+08,9,3.2532808e+09,1
=,345,78.838,-5.9755,28,32.2175,49.4,47,60,-1.6021,2020-08-30,2.6219346e+08,12,3.3270467e+09,1
=,345,78.838,-5.9755,108,32.2175,49.4,47,60,-1.6021,2020-08-30,1.62738e+06,9,1.717032e+07,1
=,345,78.838,-5.9755,108,32.2175,49.4,47,60,-1.6021,2020-08-30,1.67e+06,12,1.762e+07,1
=,345,78.838,-5.9755,64,32.2175,49.4,47,60,-1.6021,2020-08-30,4.300626e+14,9,8.095296e+15,1
=,345,78.838,-5.9755,28,30.9189,24.9,48,60,-1.2778,2020-08-30,2.6390445e+08,9,3.3599306e+09,1
=,345,78.838,-5.9755,28,30.9189,24.9,48,60,-1.2778,2020-08-30,2.6978477e+08,12,3.4347968e+09,1
=,345,78.838,-5.9755,108,30.9189,24.9,48,60,-1.2778,2020-08-30,1.4234972e+06,9,1.3688974e+07,1
=,345,78.838,-5.9755,108,30.9189,24.9,48,60,-1.2778,2020-08-30,1.46e+06,12,1.404e+07,1
=,345,78.838,-5.9755,64,30.9189,24.9,48,60,-1.2778,2020-08-30,4.047648e+14,9,7.943509e+15,1
=,345,78.838,-5.9755,28,30.0726,5.1,49,60,-1.3527,2020-08-30,2.6147386e+08,9,3.3187594e+09,1
=,345,78.838,-5.9755,28,30.0726,5.1,49,60,-1.3527,2020-08-30,2.669743e+08,12,3.3885742e+09,1
=,345,78.838,-5.9755,108,30.0726,5.1,49,60,-1.3527,2020-08-30,1.152093e+06,9,1.5826633e+07,1
=,345,78.838,-5.9755,108,30.0726,5.1,49,60,-1.3527,2020-08-30,1.18e+06,12,1.621e+07,1
=,345,78.838,-5.9755,64,30.0726,5.1,49,60,-1.3527,2020-08-30,4.553604e+14,9,7.5134467e+15,1
=,345,78.8285,-4.992833,28,34.8165,395.2,50,64,0.8554,2020-08-30,3.19272e+08,9,4.0671286e+09,1
=,345,78.8285,-4.992833,28,34.8165,395.2,50,64,0.8554,2020-08-30,3.271409e+08,12,4.1673682e+09,1
=,345,78.8285,-4.992833,108,34.8165,395.2,50,64,0.8554,2020-08-30,2.340269e+06,9,2.119837e+07,1
=,345,78.8285,-4.992833,108,34.8165,395.2,50,64,0.8554,2020-08-30,2.41e+06,12,2.183e+07,1
=,345,78.8285,-4.992833,64,34.8165,395.2,50,64,0.8554,2020-08-30,4.806582e+14,9,8.6771455e+15,1
=,345,78.8285,-4.992833,28,33.9079,198.3,51,64,-1.7123,2020-08-30,4.3815373e+08,9,5.5864755e+09,1
=,345,78.8285,-4.992833,28,33.9079,198.3,51,64,-1.7123,2020-08-30,4.4864614e+08,12,5.7202545e+09,1
=,345,78.8285,-4.992833,108,33.9079,198.3,51,64,-1.7123,2020-08-30,1.7018984e+06,9,2.118134e+07,1
=,345,78.8285,-4.992833,108,33.9079,198.3,51,64,-1.7123,2020-08-30,1.75e+06,12,2.178e+07,1
=,345,78.8285,-4.992833,64,33.9079,198.3,51,64,-1.7123,2020-08-30,4.300626e+14,9,8.39887e+15,1
=,345,78.8285,-4.992833,28,33.6574,149.3,52,64,-1.7402,2020-08-30,4.9076733e+08,9,6.258482e+09,1
=,345,78.8285,-4.992833,28,33.6574,149.3,52,64,-1.7402,2020-08-30,5.0241942e+08,12,6.407075e+09,1
=,345,78.8285,-4.992833,108,33.6574,149.3,52,64,-1.7402,2020-08-30,2.2572245e+06,9,1.9293432e+07,1
=,345,78.8285,-4.992833,108,33.6574,149.3,52,64,-1.7402,2020-08-30,2.32e+06,12,1.983e+07,1
=,345,78.8285,-4.992833,64,33.6574,149.3,52,64,-1.7402,2020-08-30,4.300626e+14,9,8.272381e+15,1
=,345,78.8285,-4.992833,28,33.0218,99.5,53,64,-1.6117,2020-08-30,4.025868e+08,9,5.132337e+09,1
=,345,78.8285,-4.992833,28,33.0218,99.5,53,64,-1.6117,2020-08-30,4.1194445e+08,12,5.251632e+09,1
=,345,78.8285,-4.992833,108,33.0218,99.5,53,64,-1.6117,2020-08-30,1.8986679e+06,9,1.7526166e+07,1
=,345,78.8285,-4.992833,108,33.0218,99.5,53,64,-1.6117,2020-08-30,1.95e+06,12,1.8e+07,1
=,345,78.8285,-4.992833,64,33.0218,99.5,53,64,-1.6117,2020-08-30,4.300626e+14,9,8.095296e+15,1
=,345,78.8285,-4.992833,28,32.5669,74.3,54,64,-1.6943,2020-08-30,3.3725805e+08,9,4.297743e+09,1
=,345,78.8285,-4.992833,28,32.5669,74.3,54,64,-1.6943,2020-08-30,3.4500045e+08,12,4.396406e+09,1
=,345,78.8285,-4.992833,108,32.5669,74.3,54,64,-1.6943,2020-08-30,1.5585254e+06,9,1.8351636e+07,1
=,345,78.8285,-4.992833,108,32.5669,74.3,54,64,-1.6943,2020-08-30,1.6e+06,12,1.884e+07,1
=,345,78.8285,-4.992833,64,32.5669,74.3,54,64,-1.6943,2020-08-30,4.300626e+14,9,8.348274e+15,1
=,345,78.8285,-4.992833,28,32.3285,49.3,55,64,-1.6888,2020-08-30,2.708869e+08,9,3.4491064e+09,1
=,345,78.8285,-4.992833,28,32.3285,49.3,55,64,-1.6888,2020-08-30,2.7704326e+08,12,3.527493e+09,1
=,345,78.8285,-4.992833,108,32.3285,49.3,55,64,-1.6888,2020-08-30,2.2509242e+06,9,1.7812508e+07,1
=,345,78.8285,-4.992833,108,32.3285,49.3,55,64,-1.6888,2020-08-30,2.31e+06,12,1.828e+07,1
=,345,78.8285,-4.992833,64,32.3285,49.3,55,64,-1.6888,2020-08-30,4.806582e+14,9,8.171189e+15,1
=,345,78.8285,-4.992833,28,32.0456,24.7,56,64,-1.3314,2020-08-30,2.772791e+08,9,3.5310387e+09,1
=,345,78.8285,-4.992833,28,32.0456,24.7,56,64,-1.3314,2020-08-30,2.834866e+08,12,3.6100884e+09,1
=,345,78.8285,-4.992833,108,32.0456,24.7,56,64,-1.3314,2020-08-30,1.7353099e+06,9,1.578352e+07,1
=,345,78.8285,-4.992833,108,32.0456,24.7,56,64,-1.3314,2020-08-30,1.78e+06,12,1.619e+07,1
=,345,78.8285,-4.992833,64,32.0456,24.7,56,64,-1.3314,2020-08-30,4.300626e+14,9,8.247083e+15,1
=,345,78.833336,-7.000167,28,34.4099,198.0,57,66,-0.2205,2020-08-30,2.3082048e+08,9,2.9284892e+09,1
=,345,78.833336,-7.000167,28,34.4099,198.0,57,66,-0.2205,2020-08-30,2.3644173e+08,12,2.9998077e+09,1
=,345,78.833336,-7.000167,108,34.4099,198.0,57,66,-0.2205,2020-08-30,943011.75,9,2.1737878e+07,1
=,345,78.833336,-7.000167,108,34.4099,198.0,57,66,-0.2205,2020-08-30,970000.0,12,2.236e+07,1
=,345,78.833336,-7.000167,64,34.4099,198.0,57,66,-0.2205,2020-08-30,2.52978e+14,9,8.171189e+15,1
=,345,78.833336,-7.000167,28,33.9949,148.5,58,66,-1.4037,2020-08-30,3.6407046e+08,9,4.639788e+09,1
=,345,78.833336,-7.000167,28,33.9949,148.5,58,66,-1.4037,2020-08-30,3.728173e+08,12,4.7512596e+09,1
=,345,78.833336,-7.000167,108,33.9949,148.5,58,66,-1.4037,2020-08-30,2.1593412e+06,9,1.9541066e+07,1
=,345,78.833336,-7.000167,108,33.9949,148.5,58,66,-1.4037,2020-08-30,2.22e+06,12,2.009e+07,1
=,345,78.833336,-7.000167,64,33.9949,148.5,58,66,-1.4037,2020-08-30,3.035736e+14,9,7.968807e+15,1
=,345,78.833336,-7.000167,28,32.9677,99.1,59,66,-1.5669,2020-08-30,3.676564e+08,9,4.685465e+09,1
=,345,78.833336,-7.000167,28,32.9677,99.1,59,66,-1.5669,2020-08-30,3.7619693e+08,12,4.794307e+09,1
=,345,78.833336,-7.000167,108,32.9677,99.1,59,66,-1.5669,2020-08-30,973693.0,9,2.1255718e+07,1
=,345,78.833336,-7.000167,108,32.9677,99.1,59,66,-1.5669,2020-08-30,1e+06,12,2.183e+07,1
=,345,78.833336,-7.000167,64,32.9677,99.1,59,66,-1.5669,2020-08-30,2.52978e+14,9,7.8170203e+15,1
=,345,78.833336,-7.000167,28,32.6483,74.5,60,66,-1.7053,2020-08-30,3.572798e+08,9,4.5531715e+09,1
=,345,78.833336,-7.000167,28,32.6483,74.5,60,66,-1.7053,2020-08-30,3.6549507e+08,12,4.657867e+09,1
=,345,78.833336,-7.000167,108,32.6483,74.5,60,66,-1.7053,2020-08-30,1.8019738e+06,9,1.7971036e+07,1
=,345,78.833336,-7.000167,108,32.6483,74.5,60,66,-1.7053,2020-08-30,1.85e+06,12,1.845e+07,1
=,345,78.833336,-7.000167,64,32.6483,74.5,60,66,-1.7053,2020-08-30,6.830406e+14,9,7.7411266e+15,1
=,345,78.833336,-7.000167,28,32.3971,49.6,61,66,-1.6851,2020-08-30,3.029725e+08,9,3.858901e+09,1
=,345,78.833336,-7.000167,28,32.3971,49.6,61,66,-1.6851,2020-08-30,3.098794e+08,12,3.9468723e+09,1
=,345,78.833336,-7.000167,108,32.3971,49.6,61,66,-1.6851,2020-08-30,925635.5,9,1.6544517e+07,1
=,345,78.833336,-7.000167,108,32.3971,49.6,61,66,-1.6851,2020-08-30,950000.0,12,1.698e+07,1
=,345,78.833336,-7.000167,64,32.3971,49.6,61,66,-1.6851,2020-08-30,2.276802e+14,9,7.437553e+15,1
=,345,78.833336,-7.000167,28,32.0013,24.9,62,66,-1.3338,2020-08-30,2.5489029e+08,9,3.2447887e+09,1
=,345,78.833336,-7.000167,28,32.0013,24.9,62,66,-1.3338,2020-08-30,2.6063675e+08,12,3.317942e+09,1
=,345,78.833336,-7.000167,108,32.0013,24.9,62,66,-1.3338,2020-08-30,1.3158852e+06,9,1.702853e+07,1
=,345,78.833336,-7.000167,108,32.0013,24.9,62,66,-1.3338,2020-08-30,1.35e+06,12,1.747e+07,1
=,345,78.833336,-7.000167,64,32.0013,24.9,62,66,-1.3338,2020-08-30,2.782758e+14,9,7.437553e+15,1
=,345,78.833336,-7.000167,28,29.8915,5.3,63,66,-1.3553,2020-08-30,2.7344928e+08,9,3.481459e+09,1
=,345,78.833336,-7.000167,28,29.8915,5.3,63,66,-1.3553,2020-08-30,2.791622e+08,12,3.5541937e+09,1
=,345,78.833336,-7.000167,108,29.8915,5.3,63,66,-1.3553,2020-08-30,761666.2,9,1.5487213e+07,1
=,345,78.833336,-7.000167,108,29.8915,5.3,63,66,-1.3553,2020-08-30,780000.0,12,1.586e+07,1
=,345,78.833336,-7.000167,64,29.8915,5.3,63,66,-1.3553,2020-08-30,1.517868e+14,9,6.931597e+15,1
=,345,78.83383,-7.9993334,28,34.0248,148.8,81,71,-1.4192,2020-08-31,1.9604798e+08,9,2.4918162e+09,1
=,345,78.83383,-7.9993334,28,34.0248,148.8,81,71,-1.4192,2020-08-31,2.0076171e+08,12,2.551729e+09,1
=,345,78.83383,-7.9993334,108,34.0248,148.8,81,71,-1.4192,2020-08-31,1.6826845e+06,9,2.000741e+07,1
=,345,78.83383,-7.9993334,108,34.0248,148.8,81,71,-1.4192,2020-08-31,1.73e+06,12,2.057e+07,1
=,345,78.83383,-7.9993334,64,34.0248,148.8,81,71,-1.4192,2020-08-31,3.79467e+14,9,7.7917224e+15,1
=,345,78.83383,-7.9993334,28,32.8535,98.8,82,71,-1.6447,2020-08-31,2.9837558e+08,9,3.8007946e+09,1
=,345,78.83383,-7.9993334,28,32.8535,98.8,82,71,-1.6447,2020-08-31,3.0529542e+08,12,3.8889418e+09,1
=,345,78.83383,-7.9993334,108,32.8535,98.8,82,71,-1.6447,2020-08-31,1.1197912e+06,9,1.9961496e+07,1
=,345,78.83383,-7.9993334,108,32.8535,98.8,82,71,-1.6447,2020-08-31,1.15e+06,12,2.05e+07,1
=,345,78.83383,-7.9993334,64,32.8535,98.8,82,71,-1.6447,2020-08-31,3.288714e+14,9,7.943509e+15,1
=,345,78.83383,-7.9993334,28,32.5657,74.2,83,71,-1.7174,2020-08-31,3.4813405e+08,9,4.435783e+09,1
=,345,78.83383,-7.9993334,28,32.5657,74.2,83,71,-1.7174,2020-08-31,3.561162e+08,12,4.537488e+09,1
=,345,78.83383,-7.9993334,108,32.5657,74.2,83,71,-1.7174,2020-08-31,2.3865625e+06,9,2.1858964e+07,1
=,345,78.83383,-7.9993334,108,32.5657,74.2,83,71,-1.7174,2020-08-31,2.45e+06,12,2.244e+07,1
=,345,78.83383,-7.9993334,64,32.5657,74.2,83,71,-1.7174,2020-08-31,3.288714e+14,9,7.5134467e+15,1
=,345,78.83383,-7.9993334,28,32.3543,49.5,84,71,-1.6995,2020-08-31,3.4302003e+08,9,4.3706025e+09,1
=,345,78.83383,-7.9993334,28,32.3543,49.5,84,71,-1.6995,2020-08-31,3.5082886e+08,12,4.4700995e+09,1
=,345,78.83383,-7.9993334,108,32.3543,49.5,84,71,-1.6995,2020-08-31,798996.5,9,1.6359941e+07,1
=,345,78.83383,-7.9993334,108,32.3543,49.5,84,71,-1.6995,2020-08-31,820000.0,12,1.679e+07,1
=,345,78.83383,-7.9993334,64,32.3543,49.5,84,71,-1.6995,2020-08-31,2.52978e+14,9,7.285766e+15,1
=,345,78.83383,-7.9993334,28,32.1289,24.8,85,71,-1.4279,2020-08-31,2.9316403e+08,9,3.733797e+09,1
=,345,78.83383,-7.9993334,28,32.1289,24.8,85,71,-1.4279,2020-08-31,2.997857e+08,12,3.818132e+09,1
=,345,78.83383,-7.9993334,108,32.1289,24.8,85,71,-1.4279,2020-08-31,1.2475979e+06,9,1.8129156e+07,1
=,345,78.83383,-7.9993334,108,32.1289,24.8,85,71,-1.4279,2020-08-31,1.28e+06,12,1.86e+07,1
=,345,78.83383,-7.9993334,64,32.1289,24.8,85,71,-1.4279,2020-08-31,2.52978e+14,9,7.386958e+15,1
=,345,78.83383,-7.9993334,28,29.9103,4.9,86,71,-1.3259,2020-08-31,2.867131e+08,9,3.6515e+09,1
=,345,78.83383,-7.9993334,28,29.9103,4.9,86,71,-1.3259,2020-08-31,2.9270006e+08,12,3.7277486e+09,1
=,345,78.83383,-7.9993334,108,29.9103,4.9,86,71,-1.3259,2020-08-31,1.0936902e+06,9,1.4501161e+07,1
=,345,78.83383,-7.9993334,108,29.9103,4.9,86,71,-1.3259,2020-08-31,1.12e+06,12,1.485e+07,1
=,345,78.83383,-7.9993334,64,29.9103,4.9,86,71,-1.3259,2020-08-31,3.035736e+14,9,6.931597e+15,1
=,345,78.83483,-9.002,28,34.4077,198.1,64,74,0.0799,2020-08-31,3.0064096e+08,9,3.8290678e+09,1
=,345,78.83483,-9.002,28,34.4077,198.1,64,74,0.0799,2020-08-31,3.079558e+08,12,3.922232e+09,1
=,345,78.83483,-9.002,108,34.4077,198.1,64,74,0.0799,2020-08-31,1.7110884e+06,9,2.0562228e+07,1
=,345,78.83483,-9.002,108,34.4077,198.1,64,74,0.0799,2020-08-31,1.76e+06,12,2.115e+07,1
=,345,78.83483,-9.002,64,34.4077,198.1,64,74,0.0799,2020-08-31,4.553604e+14,9,8.297678e+15,1
=,345,78.83483,-9.002,28,33.939,148.6,65,74,-1.2261,2020-08-31,2.0689517e+08,9,2.6312102e+09,1
=,345,78.83483,-9.002,28,33.939,148.6,65,74,-1.2261,2020-08-31,2.1185606e+08,12,2.694301e+09,1
=,345,78.83483,-9.002,108,33.939,148.6,65,74,-1.2261,2020-08-31,1.468815e+06,9,2.2450496e+07,1
=,345,78.83483,-9.002,108,33.939,148.6,65,74,-1.2261,2020-08-31,1.51e+06,12,2.308e+07,1
=,345,78.83483,-9.002,64,33.939,148.6,65,74,-1.2261,2020-08-31,4.300626e+14,9,8.348274e+15,1
=,345,78.83483,-9.002,28,32.9599,98.7,66,74,-1.513,2020-08-31,1.9166514e+08,9,2.428551e+09,1
=,345,78.83483,-9.002,28,32.9599,98.7,66,74,-1.513,2020-08-31,1.9611506e+08,12,2.484935e+09,1
=,345,78.83483,-9.002,108,32.9599,98.7,66,74,-1.513,2020-08-31,1.9182064e+06,9,1.9785764e+07,1
=,345,78.83483,-9.002,108,32.9599,98.7,66,74,-1.513,2020-08-31,1.97e+06,12,2.032e+07,1
=,345,78.83483,-9.002,64,32.9599,98.7,66,74,-1.513,2020-08-31,4.553604e+14,9,8.120594e+15,1
=,345,78.83483,-9.002,28,32.5485,74.6,67,74,-1.6785,2020-08-31,2.1376432e+08,9,2.7180214e+09,1
=,345,78.83483,-9.002,28,32.5485,74.6,67,74,-1.6785,2020-08-31,2.1866254e+08,12,2.7803023e+09,1
=,345,78.83483,-9.002,28,32.268,49.2,68,74,-1.6558,2020-08-31,3.0385907e+08,9,3.87098e+09,1
=,345,78.83483,-9.002,28,32.268,49.2,68,74,-1.6558,2020-08-31,3.1075552e+08,12,3.9588365e+09,1
=,345,78.83483,-9.002,28,31.7122,24.4,69,74,-1.4241,2020-08-31,3.459661e+08,9,4.4083205e+09,1
=,345,78.83483,-9.002,28,31.7122,24.4,69,74,-1.4241,2020-08-31,3.5366605e+08,12,4.5064335e+09,1
=,345,78.83483,-9.002,108,31.7122,24.4,69,74,-1.4241,2020-08-31,1.5307848e+06,9,1.806716e+07,1
=,345,78.83483,-9.002,108,31.7122,24.4,69,74,-1.4241,2020-08-31,1.57e+06,12,1.853e+07,1
=,345,78.83483,-9.002,64,31.7122,24.4,69,74,-1.4241,2020-08-31,4.300626e+14,9,7.8170203e+15,1
=,345,78.83483,-9.002,28,30.264,5.2,70,74,-1.3451,2020-08-31,2.8708157e+08,9,3.656147e+09,1
=,345,78.83483,-9.002,28,30.264,5.2,70,74,-1.3451,2020-08-31,2.93157e+08,12,3.733521e+09,1
=,345,78.83483,-9.002,108,30.264,5.2,70,74,-1.3451,2020-08-31,1.5912404e+06,9,1.6986246e+07,1
=,345,78.83483,-9.002,108,30.264,5.2,70,74,-1.3451,2020-08-31,1.63e+06,12,1.74e+07,1
=,345,78.83483,-9.002,64,30.264,5.2,70,74,-1.3451,2020-08-31,4.806582e+14,9,7.462851e+15,1
=,345,78.83383,-10.0,28,34.2453,197.9,71,77,-0.2848,2020-09-01,2.7772157e+08,9,3.5357422e+09,1
=,345,78.83383,-10.0,28,34.2453,197.9,71,77,-0.2848,2020-09-01,2.8445206e+08,12,3.62143e+09,1
=,345,78.83383,-10.0,108,34.2453,197.9,71,77,-0.2848,2020-09-01,3.898896e+06,9,2.1030704e+07,1
=,345,78.83383,-10.0,108,34.2453,197.9,71,77,-0.2848,2020-09-01,4.01e+06,12,2.163e+07,1
=,345,78.83383,-10.0,64,34.2453,197.9,71,77,-0.2848,2020-09-01,4.300626e+14,9,8.373572e+15,1
=,345,78.83383,-10.0,28,33.6663,148.3,72,77,-0.9243,2020-09-01,1.9206091e+08,9,2.4410934e+09,1
=,345,78.83383,-10.0,28,33.6663,148.3,72,77,-0.9243,2020-09-01,1.9663827e+08,12,2.4992717e+09,1
=,345,78.83383,-10.0,108,33.6663,148.3,72,77,-0.9243,2020-09-01,2.0819741e+06,9,2.3465988e+07,1
=,345,78.83383,-10.0,108,33.6663,148.3,72,77,-0.9243,2020-09-01,2.14e+06,12,2.412e+07,1
=,345,78.83383,-10.0,64,33.6663,148.3,72,77,-0.9243,2020-09-01,5.05956e+14,9,8.500061e+15,1
=,345,78.83383,-10.0,28,32.6359,99.1,73,77,-1.64,2020-09-01,2.3729253e+08,9,3.019904e+09,1
=,345,78.83383,-10.0,28,32.6359,99.1,73,77,-1.64,2020-09-01,2.4274656e+08,12,3.0893148e+09,1
=,345,78.83383,-10.0,108,32.6359,99.1,73,77,-1.64,2020-09-01,7.45063e+06,9,3.7993344e+07,1
=,345,78.83383,-10.0,108,32.6359,99.1,73,77,-1.64,2020-09-01,7.65e+06,12,3.901e+07,1
=,345,78.83383,-10.0,64,32.6359,99.1,73,77,-1.64,2020-09-01,4.300626e+14,9,8.069998e+15,1
=,345,78.83383,-10.0,28,32.3604,74.7,74,77,-1.6977,2020-09-01,3.5320115e+08,9,4.500582e+09,1
=,345,78.83383,-10.0,28,32.3604,74.7,74,77,-1.6977,2020-09-01,3.61242e+08,12,4.603041e+09,1
=,345,78.83383,-10.0,108,32.3604,74.7,74,77,-1.6977,2020-09-01,1.130153e+06,9,1.7877852e+07,1
=,345,78.83383,-10.0,108,32.3604,74.7,74,77,-1.6977,2020-09-01,1.16e+06,12,1.835e+07,1
=,345,78.83383,-10.0,64,32.3604,74.7,74,77,-1.6977,2020-09-01,4.300626e+14,9,7.968807e+15,1
=,345,78.83383,-10.0,28,32.2132,49.8,75,77,-1.647,2020-09-01,3.419334e+08,9,4.356528e+09,1
=,345,78.83383,-10.0,28,32.2132,49.8,75,77,-1.647,2020-09-01,3.4968205e+08,12,4.4552525e+09,1
=,345,78.83383,-10.0,108,32.2132,49.8,75,77,-1.647,2020-09-01,1.2765821e+06,9,1.4919445e+07,1
=,345,78.83383,-10.0,108,32.2132,49.8,75,77,-1.647,2020-09-01,1.31e+06,12,1.531e+07,1
=,345,78.83383,-10.0,64,32.2132,49.8,75,77,-1.647,2020-09-01,4.806582e+14,9,8.0194024e+15,1
=,345,78.83383,-10.0,28,30.3931,24.7,76,77,-1.3964,2020-09-01,3.706831e+08,9,4.7103503e+09,1
=,345,78.83383,-10.0,28,30.3931,24.7,76,77,-1.3964,2020-09-01,3.7891603e+08,12,4.8149683e+09,1
=,345,78.83383,-10.0,108,30.3931,24.7,76,77,-1.3964,2020-09-01,1.4333509e+06,9,1.733672e+07,1
=,345,78.83383,-10.0,108,30.3931,24.7,76,77,-1.3964,2020-09-01,1.47e+06,12,1.778e+07,1
=,345,78.83383,-10.0,64,30.3931,24.7,76,77,-1.3964,2020-09-01,4.300626e+14,9,7.7664245e+15,1
=,345,78.83383,-10.0,28,29.7932,5.3,77,77,-1.4138,2020-09-01,3.53143e+08,9,4.487066e+09,1
=,345,78.83383,-10.0,28,29.7932,5.3,77,77,-1.4138,2020-09-01,3.6049024e+08,12,4.5804206e+09,1
=,345,78.83383,-10.0,108,29.7932,5.3,77,77,-1.4138,2020-09-01,1.3379182e+06,9,1.7910526e+07,1
=,345,78.83383,-10.0,108,29.7932,5.3,77,77,-1.4138,2020-09-01,1.37e+06,12,1.834e+07,1
=,345,78.83383,-10.0,64,29.7932,5.3,77,77,-1.4138,2020-09-01,4.300626e+14,9,7.36166e+15,1
=,345,78.833336,-11.002666,28,34.4489,248.1,78,79,0.2766,2020-09-01,2.7976557e+08,9,3.5519386e+09,1
=,345,78.833336,-11.002666,28,34.4489,248.1,78,79,0.2766,2020-09-01,2.8658227e+08,12,3.6384842e+09,1
=,345,78.833336,-11.002666,28,34.1017,198.2,79,79,-0.4057,2020-09-01,2.5453438e+08,9,3.230088e+09,1
=,345,78.833336,-11.002666,28,34.1017,198.2,79,79,-0.4057,2020-09-01,2.6066826e+08,12,3.3079278e+09,1
=,345,78.833336,-11.002666,28,33.3274,149.1,80,79,-1.3243,2020-09-01,2.6393018e+08,9,3.35019e+09,1
=,345,78.833336,-11.002666,28,33.3274,149.1,80,79,-1.3243,2020-09-01,2.701376e+08,12,3.4289838e+09,1
=,345,78.833336,-11.002666,28,32.4776,99.1,87,79,-1.7084,2020-09-01,3.3539616e+08,9,4.2606502e+09,1
=,345,78.833336,-11.002666,28,32.4776,99.1,87,79,-1.7084,2020-09-01,3.4306272e+08,12,4.358041e+09,1
=,345,78.833336,-11.002666,28,32.3235,74.3,88,79,-1.7087,2020-09-01,2.890023e+08,9,3.6697546e+09,1
=,345,78.833336,-11.002666,28,32.3235,74.3,88,79,-1.7087,2020-09-01,2.955741e+08,12,3.7532032e+09,1
=,345,78.833336,-11.002666,28,32.2148,49.5,89,79,-1.668,2020-09-01,2.588875e+08,9,3.285851e+09,1
=,345,78.833336,-11.002666,28,32.2148,49.5,89,79,-1.668,2020-09-01,2.6475011e+08,12,3.3602604e+09,1
=,345,78.833336,-11.002666,28,30.1411,24.7,90,79,-1.2912,2020-09-01,2.5357024e+08,9,3.2074145e+09,1
=,345,78.833336,-11.002666,28,30.1411,24.7,90,79,-1.2912,2020-09-01,2.5905029e+08,12,3.2767316e+09,1
=,345,78.833336,-11.002666,28,30.1178,5.0,91,79,-1.2945,2020-09-01,2.5248363e+08,9,3.2037627e+09,1
=,345,78.833336,-11.002666,28,30.1178,5.0,91,79,-1.2945,2020-09-01,2.5779941e+08,12,3.2712146e+09,1
=,345,78.83317,-12.005834,28,,185.6,92,82,,2020-09-01,2.9454413e+08,9,3.7397827e+09,1
=,345,78.83317,-12.005834,28,,185.6,92,82,,2020-09-01,3.0158477e+08,12,3.8291766e+09,1
=,345,78.83317,-12.005834,108,,185.6,92,82,,2020-09-01,2.8109638e+06,9,1.7342382e+07,1
=,345,78.83317,-12.005834,108,,185.6,92,82,,2020-09-01,2.89e+06,12,1.783e+07,1
=,345,78.83317,-12.005834,64,,185.6,92,82,,2020-09-01,4.047648e+14,9,8.373572e+15,1
=,345,78.83317,-12.005834,28,33.5429,148.3,93,82,-1.1689,2020-09-01,3.444779e+08,9,4.3767516e+09,1
=,345,78.83317,-12.005834,28,33.5429,148.3,93,82,-1.1689,2020-09-01,3.526323e+08,12,4.480357e+09,1
=,345,78.83317,-12.005834,108,33.5429,148.3,93,82,-1.1689,2020-09-01,1.8779602e+06,9,1.2260259e+07,1
=,345,78.83317,-12.005834,108,33.5429,148.3,93,82,-1.1689,2020-09-01,1.93e+06,12,1.26e+07,1
=,345,78.83317,-12.005834,64,33.5429,148.3,93,82,-1.1689,2020-09-01,4.553604e+14,9,8.196487e+15,1
=,345,78.83317,-12.005834,28,32.6668,99.1,94,82,-1.6385,2020-09-01,3.9797475e+08,9,5.058486e+09,1
=,345,78.83317,-12.005834,28,32.6668,99.1,94,82,-1.6385,2020-09-01,4.0713472e+08,12,5.174914e+09,1
=,345,78.83317,-12.005834,108,32.6668,99.1,94,82,-1.6385,2020-09-01,4.217013e+06,9,2.2516708e+07,1
=,345,78.83317,-12.005834,108,32.6668,99.1,94,82,-1.6385,2020-09-01,4.33e+06,12,2.312e+07,1
=,345,78.83317,-12.005834,64,32.6668,99.1,94,82,-1.6385,2020-09-01,4.300626e+14,9,7.968807e+15,1
=,345,78.83317,-12.005834,28,32.3246,74.3,95,82,-1.692,2020-09-01,3.2949635e+08,9,4.198182e+09,1
=,345,78.83317,-12.005834,28,32.3246,74.3,95,82,-1.692,2020-09-01,3.3698797e+08,12,4.2936343e+09,1
=,345,78.83317,-12.005834,108,32.3246,74.3,95,82,-1.692,2020-09-01,2.133719e+06,9,1.9047582e+07,1
=,345,78.83317,-12.005834,108,32.3246,74.3,95,82,-1.692,2020-09-01,2.19e+06,12,1.955e+07,1
=,345,78.83317,-12.005834,64,32.3246,74.3,95,82,-1.692,2020-09-01,4.300626e+14,9,8.0447003e+15,1
=,345,78.83317,-12.005834,28,32.2177,49.9,96,82,-1.6468,2020-09-01,2.9350125e+08,9,3.72675e+09,1
=,345,78.83317,-12.005834,28,32.2177,49.9,96,82,-1.6468,2020-09-01,3.0015254e+08,12,3.8112054e+09,1
=,345,78.83317,-12.005834,108,32.2177,49.9,96,82,-1.6468,2020-09-01,1.4812244e+06,9,2.0805356e+07,1
=,345,78.83317,-12.005834,108,32.2177,49.9,96,82,-1.6468,2020-09-01,1.52e+06,12,2.135e+07,1
=,345,78.83317,-12.005834,64,32.2177,49.9,96,82,-1.6468,2020-09-01,4.553604e+14,9,8.221785e+15,1
=,345,78.83317,-12.005834,28,31.2132,25.0,97,82,-1.3377,2020-09-01,2.8775702e+08,9,3.6541169e+09,1
=,345,78.83317,-12.005834,28,31.2132,25.0,97,82,-1.3377,2020-09-01,2.9406954e+08,12,3.7342769e+09,1
=,345,78.83317,-12.005834,108,31.2132,25.0,97,82,-1.3377,2020-09-01,1.8726619e+06,9,1.2718495e+07,1
=,345,78.83317,-12.005834,108,31.2132,25.0,97,82,-1.3377,2020-09-01,1.92e+06,12,1.304e+07,1
=,345,78.83317,-12.005834,64,31.2132,25.0,97,82,-1.3377,2020-09-01,4.806582e+14,9,7.968807e+15,1
=,345,78.83317,-12.005834,28,30.1847,5.1,98,82,-1.4066,2020-09-01,2.7321357e+08,9,3.4686907e+09,1
=,345,78.83317,-12.005834,28,30.1847,5.1,98,82,-1.4066,2020-09-01,2.7898128e+08,12,3.541917e+09,1
=,345,78.83317,-12.005834,108,30.1847,5.1,98,82,-1.4066,2020-09-01,1.5034614e+06,9,1.3521389e+07,1
=,345,78.83317,-12.005834,108,30.1847,5.1,98,82,-1.4066,2020-09-01,1.54e+06,12,1.385e+07,1
=,345,78.83317,-12.005834,64,30.1847,5.1,98,82,-1.4066,2020-09-01,4.806582e+14,9,7.386958e+15,1
=,345,78.8335,2.0995,28,34.9452,396.2,99,116,1.5181,2020-09-10,1.2143784e+08,9,1.532649e+09,1
=,345,78.8335,2.0995,28,34.9452,396.2,99,116,1.5181,2020-09-10,1.2444235e+08,12,1.5705684e+09,1
=,345,78.8335,2.0995,28,34.9687,198.3,100,116,2.5631,2020-09-10,1.6562315e+08,9,2.0961265e+09,1
=,345,78.8335,2.0995,28,34.9687,198.3,100,116,2.5631,2020-09-10,1.6972314e+08,12,2.1480159e+09,1
=,345,78.8335,2.0995,28,34.9945,148.5,101,116,2.9677,2020-09-10,1.4142605e+08,9,1.7873219e+09,1
=,345,78.8335,2.0995,28,34.9945,148.5,101,116,2.9677,2020-09-10,1.4492688e+08,12,1.8315647e+09,1
=,345,78.8335,2.0995,28,34.9638,99.3,102,116,3.0923,2020-09-10,1.5838981e+08,9,2.0038513e+09,1
=,345,78.8335,2.0995,28,34.9638,99.3,102,116,3.0923,2020-09-10,1.6231006e+08,12,2.0534482e+09,1
=,345,78.8335,2.0995,28,34.9553,74.4,103,116,3.2615,2020-09-10,1.6577243e+08,9,2.0985882e+09,1
=,345,78.8335,2.0995,28,34.9553,74.4,103,116,3.2615,2020-09-10,1.6987272e+08,12,2.1504957e+09,1
=,345,78.8335,2.0995,28,34.934,49.9,104,116,3.9429,2020-09-10,1.7821806e+08,9,2.2569935e+09,1
=,345,78.8335,2.0995,28,34.934,49.9,104,116,3.9429,2020-09-10,1.8262373e+08,12,2.3127877e+09,1
=,345,78.8335,2.0995,28,34.8111,24.9,105,116,4.9816,2020-09-10,2.4631339e+08,9,3.1251208e+09,1
=,345,78.8335,2.0995,28,34.8111,24.9,105,116,4.9816,2020-09-10,2.523806e+08,12,3.202099e+09,1
=,345,78.8335,2.0995,28,34.8017,5.3,106,116,4.9711,2020-09-10,2.4616954e+08,9,3.1240745e+09,1
=,345,78.8335,2.0995,28,34.8017,5.3,106,116,4.9711,2020-09-10,2.5222995e+08,12,3.2009859e+09,1
=,345,78.83317,6.9996667,28,35.0102,148.7,107,121,4.4775,2020-09-11,1.7777155e+08,9,2.251828e+09,1
=,345,78.83317,6.9996667,28,35.0102,148.7,107,121,4.4775,2020-09-11,1.8217656e+08,12,2.307626e+09,1
=,345,78.83317,6.9996667,108,35.0102,148.7,107,121,4.4775,2020-09-11,400000.0,9,1.085e+07,1
=,345,78.83317,6.9996667,108,35.0102,148.7,107,121,4.4775,2020-09-11,411373.44,12,1.1158504e+07,1
=,345,78.83317,6.9996667,64,35.0102,148.7,107,121,4.4775,2020-09-11,2.023824e+14,9,8.500061e+15,1
=,345,78.83317,6.9996667,28,35.0239,99.3,108,121,5.3537,2020-09-11,2.1502611e+08,9,2.7270175e+09,1
=,345,78.83317,6.9996667,28,35.0239,99.3,108,121,5.3537,2020-09-11,2.2035736e+08,12,2.79463e+09,1
=,345,78.83317,6.9996667,108,35.0239,99.3,108,121,5.3537,2020-09-11,420000.0,9,1.16e+07,1
=,345,78.83317,6.9996667,108,35.0239,99.3,108,121,5.3537,2020-09-11,431811.1,12,1.1926211e+07,1
=,345,78.83317,6.9996667,64,35.0239,99.3,108,121,5.3537,2020-09-11,1.517868e+14,9,8.500061e+15,1
=,345,78.83317,6.9996667,28,35.0484,74.0,109,121,5.8445,2020-09-11,2.0570611e+08,9,2.6082568e+09,1
=,345,78.83317,6.9996667,28,35.0484,74.0,109,121,5.8445,2020-09-11,2.1080813e+08,12,2.672948e+09,1
=,345,78.83317,6.9996667,108,35.0484,74.0,109,121,5.8445,2020-09-11,370000.0,9,1.149e+07,1
=,345,78.83317,6.9996667,108,35.0484,74.0,109,121,5.8445,2020-09-11,380345.56,12,1.1811271e+07,1
=,345,78.83317,6.9996667,64,35.0484,74.0,109,121,5.8445,2020-09-11,1.517868e+14,9,8.373572e+15,1
=,345,78.83317,6.9996667,28,35.0333,49.8,110,121,6.0715,2020-09-11,3.06367e+08,9,3.9023534e+09,1
=,345,78.83317,6.9996667,28,35.0333,49.8,110,121,6.0715,2020-09-11,3.1396205e+08,12,3.9990953e+09,1
=,345,78.83317,6.9996667,108,35.0333,49.8,110,121,6.0715,2020-09-11,520000.0,9,1.183e+07,1
=,345,78.83317,6.9996667,108,35.0333,49.8,110,121,6.0715,2020-09-11,534453.7,12,1.2158822e+07,1
=,345,78.83317,6.9996667,64,35.0333,49.8,110,121,6.0715,2020-09-11,1.517868e+14,9,8.4241676e+15,1
=,345,78.83317,6.9996667,28,34.8237,25.0,111,121,6.9923,2020-09-11,3.6495286e+08,9,4.637244e+09,1
=,345,78.83317,6.9996667,28,34.8237,25.0,111,121,6.9923,2020-09-11,3.739255e+08,12,4.751254e+09,1
=,345,78.83317,6.9996667,108,34.8237,25.0,111,121,6.9923,2020-09-11,430000.0,9,1.28e+07,1
=,345,78.83317,6.9996667,108,34.8237,25.0,111,121,6.9923,2020-09-11,441758.56,12,1.3150022e+07,1
=,345,78.83317,6.9996667,64,34.8237,25.0,111,121,6.9923,2020-09-11,2.52978e+14,9,8.196487e+15,1
=,345,78.83317,6.9996667,28,34.6803,5.0,112,121,6.9786,2020-09-11,5.560287e+08,9,7.092565e+09,1
=,345,78.83317,6.9996667,28,34.6803,5.0,112,121,6.9786,2020-09-11,5.696773e+08,12,7.266664e+09,1
=,345,78.83317,6.9996667,108,34.6803,5.0,112,121,6.9786,2020-09-11,860000.0,9,1.384e+07,1
=,345,78.83317,6.9996667,108,34.6803,5.0,112,121,6.9786,2020-09-11,883398.0,12,1.4216544e+07,1
=,345,78.83317,6.9996667,64,34.6803,5.0,112,121,6.9786,2020-09-11,2.782758e+14,9,7.6399356e+15,1
=,345,78.833664,8.001667,28,35.0114,395.8,113,124,3.3976,2020-09-11,1.423129e+08,9,1.798679e+09,1
=,345,78.833664,8.001667,28,35.0114,395.8,113,124,3.3976,2020-09-11,1.458407e+08,12,1.8432667e+09,1
=,345,78.833664,8.001667,108,35.0114,395.8,113,124,3.3976,2020-09-11,370000.0,9,1.082e+07,1
=,345,78.833664,8.001667,108,35.0114,395.8,113,124,3.3976,2020-09-11,380996.28,12,1.1141567e+07,1
=,345,78.833664,8.001667,64,35.0114,395.8,113,124,3.3976,2020-09-11,1.517868e+14,9,8.39887e+15,1
=,345,78.833664,8.001667,28,35.0014,197.5,114,124,4.3522,2020-09-11,1.5612528e+08,9,1.9757755e+09,1
=,345,78.833664,8.001667,28,35.0014,197.5,114,124,4.3522,2020-09-11,1.5999368e+08,12,2.0247305e+09,1
=,345,78.833664,8.001667,108,35.0014,197.5,114,124,4.3522,2020-09-11,923512.4,9,1.0547483e+07,1
=,345,78.833664,8.001667,108,35.0014,197.5,114,124,4.3522,2020-09-11,950000.0,12,1.085e+07,1
=,345,78.833664,8.001667,64,35.0014,197.5,114,124,4.3522,2020-09-11,6.577428e+14,9,8.247083e+15,1
=,345,78.833664,8.001667,28,35.0337,147.7,115,124,5.042,2020-09-11,2.200202e+08,9,2.7898719e+09,1
=,345,78.833664,8.001667,28,35.0337,147.7,115,124,5.042,2020-09-11,2.254757e+08,12,2.859048e+09,1
=,345,78.833664,8.001667,108,35.0337,147.7,115,124,5.042,2020-09-11,680000.0,9,1.08e+07,1
=,345,78.833664,8.001667,108,35.0337,147.7,115,124,5.042,2020-09-11,699302.9,12,1.1106575e+07,1
=,345,78.833664,8.001667,64,35.0337,147.7,115,124,5.042,2020-09-11,1.26489e+14,9,8.500061e+15,1
=,345,78.833664,8.001667,28,35.0288,97.9,116,124,5.5612,2020-09-11,2.3267208e+08,9,2.9517146e+09,1
=,345,78.833664,8.001667,28,35.0288,97.9,116,124,5.5612,2020-09-11,2.3844032e+08,12,3.0248914e+09,1
=,345,78.833664,8.001667,108,35.0288,97.9,116,124,5.5612,2020-09-11,460000.0,9,1.144e+07,1
=,345,78.833664,8.001667,108,35.0288,97.9,116,124,5.5612,2020-09-11,472919.5,12,1.1761302e+07,1
=,345,78.833664,8.001667,64,35.0288,97.9,116,124,5.5612,2020-09-11,1.517868e+14,9,8.7530387e+15,1
=,345,78.833664,8.001667,28,35.0381,74.5,117,124,5.8064,2020-09-11,2.6697883e+08,9,3.3885302e+09,1
=,345,78.833664,8.001667,28,35.0381,74.5,117,124,5.8064,2020-09-11,2.7359926e+08,12,3.4725576e+09,1
=,345,78.833664,8.001667,108,35.0381,74.5,117,124,5.8064,2020-09-11,400000.0,9,1.201e+07,1
=,345,78.833664,8.001667,108,35.0381,74.5,117,124,5.8064,2020-09-11,411186.0,12,1.2345859e+07,1
=,345,78.833664,8.001667,64,35.0381,74.5,117,124,5.8064,2020-09-11,1.26489e+14,9,8.575954e+15,1
=,345,78.833664,8.001667,28,35.0388,49.4,118,124,5.9707,2020-09-11,2.5357282e+08,9,3.218445e+09,1
=,345,78.833664,8.001667,28,35.0388,49.4,118,124,5.9707,2020-09-11,2.5986096e+08,12,3.2982566e+09,1
=,345,78.833664,8.001667,108,35.0388,49.4,118,124,5.9707,2020-09-11,590000.0,9,1.253e+07,1
=,345,78.833664,8.001667,108,35.0388,49.4,118,124,5.9707,2020-09-11,606414.3,12,1.2878596e+07,1
=,345,78.833664,8.001667,64,35.0388,49.4,118,124,5.9707,2020-09-11,1.26489e+14,9,8.6518476e+15,1
=,345,78.833664,8.001667,28,34.9682,24.5,119,124,6.3193,2020-09-11,3.5698765e+08,9,4.5358495e+09,1
=,345,78.833664,8.001667,28,34.9682,24.5,119,124,6.3193,2020-09-11,3.6583037e+08,12,4.648204e+09,1
=,345,78.833664,8.001667,108,34.9682,24.5,119,124,6.3193,2020-09-11,540000.0,9,1.307e+07,1
=,345,78.833664,8.001667,108,34.9682,24.5,119,124,6.3193,2020-09-11,554928.6,12,1.3431328e+07,1
=,345,78.833664,8.001667,64,34.9682,24.5,119,124,6.3193,2020-09-11,1.26489e+14,9,8.7024434e+15,1
=,345,78.833664,8.001667,28,34.2897,4.9,120,124,6.4042,2020-09-11,4.3527763e+08,9,5.5335455e+09,1
=,345,78.833664,8.001667,28,34.2897,4.9,120,124,6.4042,2020-09-11,4.457694e+08,12,5.666924e+09,1
=,345,78.833664,8.001667,108,34.2897,4.9,120,124,6.4042,2020-09-11,640000.0,9,1.341e+07,1
=,345,78.833664,8.001667,108,34.2897,4.9,120,124,6.4042,2020-09-11,657194.56,12,1.377028e+07,1
=,345,78.833664,8.001667,64,34.2897,4.9,120,124,6.4042,2020-09-11,2.023824e+14,9,7.842318e+15,1
=,345,78.9215,0.025166666,28,34.9743,396.0,1,1,2.4978,2022-09-10,4.5036996e+07,12,1.8076644e+09,1
=,345,78.9215,0.025166666,28,34.9631,247.7,2,1,2.9199,2022-09-10,5.610007e+07,12,2.2806454e+09,1
=,345,78.9215,0.025166666,28,34.9985,198.2,3,1,3.475,2022-09-10,3.6811628e+07,12,1.477992e+09,1
=,345,78.9215,0.025166666,28,35.0144,148.6,4,1,3.9118,2022-09-10,4.7439108e+07,12,1.9380095e+09,1
=,345,78.9215,0.025166666,28,35.028,99.3,5,1,4.613,2022-09-10,5.140067e+07,12,2.0913732e+09,1
=,345,78.9215,0.025166666,28,34.7419,49.4,6,1,4.4997,2022-09-10,8.820744e+07,12,3.640577e+09,1
=,345,78.9215,0.025166666,28,34.9085,23.6,7,1,7.4289,2022-09-10,9.0517944e+07,12,3.7317373e+09,1
=,345,78.9215,0.025166666,28,33.5214,5.2,8,1,3.2388,2022-09-10,1.1550306e+08,12,4.756203e+09,1
=,345,78.91617,-0.98866665,28,34.9398,395.4,9,2,2.146,2022-09-10,5.142735e+07,12,2.1104462e+09,1
=,345,78.91617,-0.98866665,28,34.988,247.1,10,2,3.0089,2022-09-10,5.369381e+07,12,2.1993382e+09,1
=,345,78.91617,-0.98866665,28,34.9934,197.9,11,2,3.2265,2022-09-10,5.32744e+07,12,2.1890775e+09,1
=,345,78.91617,-0.98866665,28,34.9809,148.3,12,2,3.3927,2022-09-10,4.203678e+07,12,1.7111272e+09,1
=,345,78.91617,-0.98866665,28,35.0037,99.0,13,2,4.0244,2022-09-10,5.299407e+07,12,2.1695908e+09,1
=,345,78.91617,-0.98866665,28,34.9693,49.3,14,2,5.3706,2022-09-10,6.721263e+07,12,2.698431e+09,1
=,345,78.91617,-0.98866665,28,34.6317,24.7,15,2,5.8184,2022-09-10,9.368044e+07,12,3.853212e+09,1
=,345,78.91617,-0.98866665,28,31.6605,4.8,16,2,1.03,2022-09-10,1.09572984e+08,12,4.525331e+09,1
=,345,78.827835,-1.9538333,28,34.8867,395.5,17,3,1.3521,2022-09-11,5.2433304e+07,12,2.152442e+09,1
=,345,78.827835,-1.9538333,28,34.9865,247.2,18,3,2.8751,2022-09-11,5.587429e+07,12,2.2996833e+09,1
=,345,78.827835,-1.9538333,28,34.9772,197.5,19,3,2.9413,2022-09-11,5.7329144e+07,12,2.3503462e+09,1
=,345,78.827835,-1.9538333,28,34.958,148.3,20,3,3.0126,2022-09-11,5.9927268e+07,12,2.456207e+09,1
=,345,78.827835,-1.9538333,28,34.7739,98.8,21,3,1.932,2022-09-11,7.207068e+07,12,2.962022e+09,1
=,345,78.827835,-1.9538333,28,34.3791,49.8,22,3,0.7732,2022-09-11,1.052369e+08,12,4.356276e+09,1
=,345,78.827835,-1.9538333,28,34.3632,23.1,23,3,4.3854,2022-09-11,1.0346138e+08,12,4.2839142e+09,1
=,345,78.827835,-1.9538333,28,33.0508,8.3,24,3,0.8556,2022-09-11,1.2704268e+08,12,5.274713e+09,1
=,345,78.91167,-2.9903333,28,34.9048,396.3,25,4,1.6943,2022-09-11,5.2648892e+07,12,2.1727997e+09,1
=,345,78.91167,-2.9903333,28,34.9679,248.1,26,4,2.8369,2022-09-11,5.872075e+07,12,2.425324e+09,1
=,345,78.91167,-2.9903333,28,34.9662,198.4,27,4,2.9701,2022-09-11,6.0628864e+07,12,2.498265e+09,1
=,345,78.91167,-2.9903333,28,34.9453,148.8,28,4,3.0715,2022-09-11,6.3332896e+07,12,2.6129362e+09,1
=,345,78.91167,-2.9903333,28,34.7084,99.6,29,4,1.7663,2022-09-11,8.165148e+07,12,3.364058e+09,1
=,345,78.91167,-2.9903333,28,34.353,49.6,30,4,2.1272,2022-09-11,1.03649384e+08,12,4.2982093e+09,1
=,345,78.91167,-2.9903333,28,34.0707,25.0,31,4,4.6243,2022-09-11,1.05988136e+08,12,4.404375e+09,1
=,345,78.91167,-2.9903333,28,29.3952,5.1,32,4,-1.425,2022-09-11,1.17751896e+08,12,4.890662e+09,1
=,345,78.88583,-7.0161667,28,34.6407,198.4,33,5,0.5913,2022-09-12,5.8815156e+07,12,2.4252516e+09,1
=,345,78.88583,-7.0161667,28,34.1611,149.1,34,5,-0.273,2022-09-12,7.336726e+07,12,3.037594e+09,1
=,345,78.88583,-7.0161667,28,33.1652,98.9,35,5,-1.1343,2022-09-12,1.05364104e+08,12,4.371989e+09,1
=,345,78.88583,-7.0161667,28,31.807,50.4,36,5,-1.5619,2022-09-12,1.0493739e+08,12,4.3465626e+09,1
=,345,78.88583,-7.0161667,28,30.9767,24.6,37,5,-1.5161,2022-09-12,1.0100341e+08,12,4.1816684e+09,1
=,345,78.88583,-7.0161667,28,30.4099,5.0,38,5,-1.5557,2022-09-12,1.0095802e+08,12,4.18225e+09,1
=,345,78.95316,-9.007667,28,34.3842,197.7,39,6,-0.0501,2022-09-13,7.438405e+07,12,3.05901e+09,1
=,345,78.95316,-9.007667,28,33.8936,148.2,40,6,-0.8848,2022-09-13,1.0022751e+08,12,4.132731e+09,1
=,345,78.95316,-9.007667,28,32.1406,99.0,41,6,-1.5494,2022-09-13,1.0427904e+08,12,4.2779878e+09,1
=,345,78.95316,-9.007667,28,31.7142,49.5,42,6,-1.5676,2022-09-13,9.911824e+07,12,4.1096218e+09,1
=,345,78.95316,-9.007667,28,31.2157,24.7,43,6,-1.1805,2022-09-13,9.685725e+07,12,4.0154632e+09,1
=,345,78.95316,-9.007667,28,30.0031,4.9,44,6,-1.5803,2022-09-13,9.3073256e+07,12,3.859185e+09,1
=,345,78.908,-8.0365,28,34.0343,147.7,45,7,-0.4823,2022-09-13,8.498842e+07,12,3.5144435e+09,1
=,345,78.908,-8.0365,28,32.3747,98.7,46,7,-1.4755,2022-09-13,1.1259596e+08,12,4.6659246e+09,1
=,345,78.908,-8.0365,28,31.7424,49.5,47,7,-1.5946,2022-09-13,1.0257025e+08,12,4.2587546e+09,1
=,345,78.908,-8.0365,28,31.4888,24.5,48,7,-1.4388,2022-09-13,1.0055228e+08,12,4.1449587e+09,1
=,345,78.908,-8.0365,28,30.4761,4.9,49,7,-1.5431,2022-09-13,9.5169176e+07,12,3.92854e+09,1
=,345,78.85833,-5.9995,28,34.8282,247.1,50,9,1.0673,2022-09-13,4.7756784e+07,12,1.9550391e+09,1
=,345,78.85833,-5.9995,28,34.7326,197.9,51,9,1.0671,2022-09-13,5.858681e+07,12,2.4062477e+09,1
=,345,78.85833,-5.9995,28,34.322,148.1,52,9,-0.3549,2022-09-13,9.176999e+07,12,3.7864507e+09,1
=,345,78.85833,-5.9995,28,33.5874,98.9,53,9,-0.8548,2022-09-13,9.64718e+07,12,3.9872573e+09,1
=,345,78.85833,-5.9995,28,31.79,49.7,54,9,-1.5159,2022-09-13,1.0732361e+08,12,4.4374825e+09,1
=,345,78.85833,-5.9995,28,30.9075,24.6,55,9,-1.5719,2022-09-13,1.0385505e+08,12,4.2931983e+09,1
=,345,78.85833,-5.9995,28,29.4647,5.1,56,9,-1.5918,2022-09-13,1.05775256e+08,12,4.3852124e+09,1
=,345,78.83683,-5.1495,28,34.8552,395.5,57,10,0.7964,2022-09-13,4.203136e+07,12,1.7203209e+09,1
=,345,78.83683,-5.1495,28,34.7825,247.3,58,10,0.7265,2022-09-13,4.762252e+07,12,1.9623286e+09,1
=,345,78.83683,-5.1495,28,34.6722,197.8,59,10,0.5285,2022-09-13,6.1716856e+07,12,2.5088911e+09,1
=,345,78.83683,-5.1495,28,34.4251,148.4,60,10,-0.3247,2022-09-13,8.581361e+07,12,3.456142e+09,1
=,345,78.83683,-5.1495,28,33.9385,99.2,61,10,-0.4953,2022-09-13,7.801093e+07,12,3.2180616e+09,1
=,345,78.83683,-5.1495,28,31.9752,49.4,62,10,-1.642,2022-09-13,1.4160826e+08,12,5.86492e+09,1
=,345,78.83683,-5.1495,28,30.8193,24.7,63,10,-1.4935,2022-09-13,1.1838026e+08,12,4.904151e+09,1
=,345,78.83683,-5.1495,28,29.2475,5.0,64,10,-1.5349,2022-09-13,9.777119e+07,12,4.0181253e+09,1
=,345,78.8815,-10.027833,28,34.4141,197.7,65,14,0.0257,2022-09-14,7.14531e+07,12,2.9520753e+09,1
=,345,78.8815,-10.027833,28,33.5924,148.3,66,14,-1.0175,2022-09-14,1.03104696e+08,12,4.2625132e+09,1
=,345,78.8815,-10.027833,28,31.9887,98.8,67,14,-1.5985,2022-09-14,1.049368e+08,12,4.3504737e+09,1
=,345,78.8815,-10.027833,28,31.7395,49.4,68,14,-1.5949,2022-09-14,1.0021283e+08,12,4.1380342e+09,1
=,345,78.8815,-10.027833,28,31.4341,24.7,69,14,-1.2603,2022-09-14,9.891989e+07,12,4.0909023e+09,1
=,345,78.8815,-10.027833,28,29.6695,4.9,70,14,-1.5186,2022-09-14,9.295713e+07,12,3.8495836e+09,1
=,345,78.922165,-3.9645,28,34.8399,395.4,71,17,0.8655,2022-09-16,4.8936576e+07,12,2.0009275e+09,1
=,345,78.922165,-3.9645,28,34.9532,246.7,72,17,2.8479,2022-09-16,5.8240444e+07,12,2.3824817e+09,1
=,345,78.922165,-3.9645,28,34.7823,197.3,73,17,1.8375,2022-09-16,7.151208e+07,12,2.9476004e+09,1
=,345,78.922165,-3.9645,28,34.7584,148.4,74,17,2.7183,2022-09-16,8.286868e+07,12,3.412883e+09,1
=,345,78.922165,-3.9645,28,34.1278,98.8,75,17,0.8271,2022-09-16,1.1440272e+08,12,4.742817e+09,1
=,345,78.922165,-3.9645,28,32.3565,49.4,76,17,-1.6596,2022-09-16,1.6189382e+08,12,6.7059277e+09,1
=,345,78.922165,-3.9645,28,31.0204,24.7,77,17,-1.5072,2022-09-16,1.12124936e+08,12,4.565112e+09,1
=,345,78.922165,-3.9645,28,29.8645,4.9,78,17,-1.5691,2022-09-16,1.10577384e+08,12,4.5787663e+09,1
=,345,78.82767,-1.9521667,28,34.9203,2658.0,79,20,-0.6941,2022-09-17,8.130172e+06,12,1.5922003e+08,1
=,345,78.82767,-1.9521667,28,34.915,2459.0,80,20,-0.7083,2022-09-17,5.946891e+06,12,1.4660107e+08,1
=,345,78.82767,-1.9521667,28,34.9133,2238.8,81,20,-0.699,2022-09-17,6.067753e+06,12,1.8568542e+08,1
=,345,78.82767,-1.9521667,28,34.9117,2018.6,82,20,-0.681,2022-09-17,7.7594845e+06,12,2.3514981e+08,1
=,345,78.82767,-1.9521667,28,34.9138,1798.1,83,20,-0.6112,2022-09-17,1.0535158e+07,12,3.8902083e+08,1
=,345,78.82767,-1.9521667,28,34.9129,1577.2,84,20,-0.5323,2022-09-17,1.5515749e+07,12,5.975041e+08,1
=,345,78.82767,-1.9521667,28,34.9106,1356.5,85,20,-0.4056,2022-09-17,2.3137254e+07,12,9.251407e+08,1
=,345,78.82767,-1.9521667,28,34.9089,1134.8,86,20,-0.2404,2022-09-17,3.1138464e+07,12,1.2677061e+09,1
=,345,78.82767,-1.9521667,28,34.9043,913.2,87,20,0.0207,2022-09-17,3.6097296e+07,12,1.4687283e+09,1
=,345,78.82767,-1.9521667,28,34.902,691.5,88,20,0.5956,2022-09-17,4.3640076e+07,12,1.7970413e+09,1
=,345,78.82767,-1.9521667,28,34.9246,494.2,89,20,1.3855,2022-09-17,4.4319876e+07,12,1.8325423e+09,1
=,345,78.92233,1.003,28,34.9676,247.3,91,21,3.0671,2022-09-17,5.6333748e+07,12,2.3231506e+09,1
=,345,78.92233,1.003,28,34.9992,197.7,92,21,3.5535,2022-09-17,5.2228588e+07,12,2.1601408e+09,1
=,345,78.92233,1.003,28,35.0296,148.3,93,21,4.1456,2022-09-17,4.608974e+07,12,1.9029647e+09,1
=,345,78.92233,1.003,28,35.0275,98.9,94,21,5.0047,2022-09-17,4.973458e+07,12,2.0539453e+09,1
=,345,78.92233,1.003,28,34.4153,49.9,95,21,2.1356,2022-09-17,8.761495e+07,12,3.6421294e+09,1
=,345,78.92233,1.003,28,33.5935,24.8,96,21,3.7847,2022-09-17,9.88783e+07,12,4.1068e+09,1
=,345,78.92233,1.003,28,32.0562,4.8,97,21,-0.8854,2022-09-17,1.2798849e+08,12,5.324594e+09,1
=,345,78.83283,8.0,28,35.0139,395.2,98,22,3.5674,2022-09-18,5.0188656e+07,12,2.0727325e+09,1
=,345,78.83283,8.0,28,35.042,247.5,99,22,4.5644,2022-09-18,4.1377436e+07,12,1.7013117e+09,1
=,345,78.83283,8.0,28,35.0473,198.0,100,22,5.0257,2022-09-18,4.8418556e+07,12,1.9961046e+09,1
=,345,78.83283,8.0,28,35.0454,148.9,101,22,5.513,2022-09-18,4.221405e+07,12,1.7203048e+09,1
=,345,78.83283,8.0,28,35.0539,99.4,102,22,6.2027,2022-09-18,5.4261996e+07,12,2.2409021e+09,1
=,345,78.83283,8.0,28,34.8704,49.4,103,22,6.8793,2022-09-18,9.228818e+07,12,3.8252518e+09,1
=,345,78.83283,8.0,28,34.7927,24.8,104,22,6.6737,2022-09-18,9.5235464e+07,12,3.9629266e+09,1
=,345,78.83283,8.0,28,34.673,4.5,105,22,6.1958,2022-09-18,9.9307304e+07,12,4.1288786e+09,1
=,345,78.83517,-0.0021666666,28,34.8993,396.1,1,36,0.7272,2022-04-23,2.5254852e+07,9,1.4709637e+09,1
=,345,78.83517,-0.0021666666,28,34.8993,396.1,1,36,0.7272,2022-04-23,2.5878906e+07,12,1.5073117e+09,1
=,345,78.83517,-0.0021666666,28,34.9343,248.6,2,36,1.5784,2022-04-23,3.420039e+07,9,1.9905138e+09,1
=,345,78.83517,-0.0021666666,28,34.9343,248.6,2,36,1.5784,2022-04-23,3.504615e+07,12,2.0397384e+09,1
=,345,78.83517,-0.0021666666,28,34.9331,198.5,3,36,1.6488,2022-04-23,3.2697924e+07,9,1.9126342e+09,1
=,345,78.83517,-0.0021666666,28,34.9331,198.5,3,36,1.6488,2022-04-23,3.3506424e+07,12,1.9599267e+09,1
=,345,78.83517,-0.0021666666,28,34.9268,149.3,4,36,1.6703,2022-04-23,3.695343e+07,9,2.1742764e+09,1
=,345,78.83517,-0.0021666666,28,34.9268,149.3,4,36,1.6703,2022-04-23,3.7866896e+07,12,2.228023e+09,1
=,345,78.83517,-0.0021666666,28,34.9312,99.5,5,36,1.8034,2022-04-23,3.4875456e+07,9,2.0462218e+09,1
=,345,78.83517,-0.0021666666,28,34.9312,99.5,5,36,1.8034,2022-04-23,3.573758e+07,12,2.0968046e+09,1
=,345,78.83517,-0.0021666666,28,34.9202,50.2,6,36,2.0582,2022-04-23,3.1454402e+07,9,1.8157736e+09,1
=,345,78.83517,-0.0021666666,28,34.9202,50.2,6,36,2.0582,2022-04-23,3.223162e+07,12,1.8606401e+09,1
=,345,78.83517,-0.0021666666,28,34.7264,24.9,7,36,1.4456,2022-04-23,4.0699108e+07,9,2.3971622e+09,1
=,345,78.83517,-0.0021666666,28,34.7264,24.9,7,36,1.4456,2022-04-23,4.169868e+07,12,2.4560366e+09,1
=,345,78.83517,-0.0021666666,28,34.287,10.2,8,36,-0.4982,2022-04-23,4.210637e+07,9,2.473656e+09,1
=,345,78.83517,-0.0021666666,28,34.287,10.2,8,36,-0.4982,2022-04-23,4.3126376e+07,12,2.5335795e+09,1
=,345,78.83317,-1.0006666,28,34.92,396.1,9,37,1.0984,2022-04-24,3.0208856e+07,9,1.7418756e+09,1
=,345,78.83317,-1.0006666,28,34.92,396.1,9,37,1.0984,2022-04-24,3.0955812e+07,12,1.7849458e+09,1
=,345,78.83317,-1.0006666,28,34.926,248.0,10,37,1.5521,2022-04-24,3.2921436e+07,9,1.9170444e+09,1
=,345,78.83317,-1.0006666,28,34.926,248.0,10,37,1.5521,2022-04-24,3.373537e+07,12,1.9644403e+09,1
=,345,78.83317,-1.0006666,28,34.9161,198.3,11,37,1.5279,2022-04-24,3.51885e+07,9,2.034368e+09,1
=,345,78.83317,-1.0006666,28,34.9161,198.3,11,37,1.5279,2022-04-24,3.6058124e+07,12,2.0846441e+09,1
=,345,78.83317,-1.0006666,28,34.9214,148.8,12,37,1.7488,2022-04-24,3.515373e+07,9,2.0670831e+09,1
=,345,78.83317,-1.0006666,28,34.9214,148.8,12,37,1.7488,2022-04-24,3.6022544e+07,12,2.1181708e+09,1
=,345,78.83317,-1.0006666,28,34.954,99.4,13,37,2.1955,2022-04-24,3.3875956e+07,9,1.9533326e+09,1
=,345,78.83317,-1.0006666,28,34.954,99.4,13,37,2.1955,2022-04-24,3.471397e+07,12,2.0016535e+09,1
=,345,78.83317,-1.0006666,28,34.9238,50.1,14,37,2.0835,2022-04-24,3.9325744e+07,9,2.290611e+09,1
=,345,78.83317,-1.0006666,28,34.9238,50.1,14,37,2.0835,2022-04-24,4.029758e+07,12,2.3472174e+09,1
=,345,78.83317,-1.0006666,28,34.7863,25.3,15,37,1.6272,2022-04-24,3.962537e+07,9,2.323318e+09,1
=,345,78.83317,-1.0006666,28,34.7863,25.3,15,37,1.6272,2022-04-24,4.0600384e+07,12,2.3804854e+09,1
=,345,78.83317,-1.0006666,28,34.4242,10.5,16,37,-0.3616,2022-04-24,4.0203824e+07,9,2.3647112e+09,1
=,345,78.83317,-1.0006666,28,34.4242,10.5,16,37,-0.3616,2022-04-24,4.1181948e+07,12,2.4222426e+09,1
=,345,78.8675,-1.9946667,28,34.9084,2636.3,17,38,-0.699,2022-04-24,2.8351502e+06,9,1.3904139e+08,1
=,345,78.8675,-1.9946667,28,34.9084,2636.3,17,38,-0.699,2022-04-24,2.9055588e+06,12,1.4249437e+08,1
=,345,78.8675,-1.9946667,28,34.8964,987.8,18,38,-0.0653,2022-04-24,2.4548272e+07,9,1.4169654e+09,1
=,345,78.8675,-1.9946667,28,34.8964,987.8,18,38,-0.0653,2022-04-24,2.5155558e+07,12,1.4520188e+09,1
=,345,78.8675,-1.9946667,28,34.8912,741.2,19,38,0.5716,2022-04-24,2.961084e+07,9,1.7238362e+09,1
=,345,78.8675,-1.9946667,28,34.8912,741.2,19,38,0.5716,2022-04-24,3.0342874e+07,12,1.7664525e+09,1
=,345,78.8675,-1.9946667,28,34.9456,396.0,20,38,2.4619,2022-04-24,3.7169092e+07,9,2.1800097e+09,1
=,345,78.8675,-1.9946667,28,34.9456,396.0,20,38,2.4619,2022-04-24,3.8088884e+07,12,2.2339566e+09,1
=,345,78.8675,-1.9946667,28,34.9368,247.5,21,38,2.5412,2022-04-24,3.2617878e+07,9,1.9111826e+09,1
=,345,78.8675,-1.9946667,28,34.9368,247.5,21,38,2.5412,2022-04-24,3.3424578e+07,12,1.9584497e+09,1
=,345,78.8675,-1.9946667,28,34.9091,198.0,22,38,2.342,2022-04-24,3.94826e+07,9,2.3241183e+09,1
=,345,78.8675,-1.9946667,28,34.9091,198.0,22,38,2.342,2022-04-24,4.045814e+07,12,2.3815427e+09,1
=,345,78.8675,-1.9946667,28,34.9001,148.5,23,38,2.3025,2022-04-24,3.0836952e+07,9,1.8247084e+09,1
=,345,78.8675,-1.9946667,28,34.9001,148.5,23,38,2.3025,2022-04-24,3.1598588e+07,12,1.8697765e+09,1
=,345,78.8675,-1.9946667,28,34.9321,99.6,24,38,2.6513,2022-04-24,3.6646972e+07,9,2.1718802e+09,1
=,345,78.8675,-1.9946667,28,34.9321,99.6,24,38,2.6513,2022-04-24,3.755292e+07,12,2.225571e+09,1
=,345,78.8675,-1.9946667,28,34.3709,50.0,25,38,-0.5072,2022-04-24,7.002261e+07,9,4.200708e+09,1
=,345,78.8675,-1.9946667,28,34.3709,50.0,25,38,-0.5072,2022-04-24,7.172353e+07,12,4.3027476e+09,1
=,345,78.8675,-1.9946667,28,34.0862,25.0,26,38,-1.5825,2022-04-24,4.6689892e+07,9,2.775214e+09,1
=,345,78.8675,-1.9946667,28,34.0862,25.0,26,38,-1.5825,2022-04-24,4.7813828e+07,12,2.84202e+09,1
=,345,78.8675,-1.9946667,28,33.8583,9.5,27,38,-1.7775,2022-04-24,7.3937096e+07,9,4.437427e+09,1
=,345,78.8675,-1.9946667,28,33.8583,9.5,27,38,-1.7775,2022-04-24,7.5704024e+07,12,4.5434716e+09,1
=,345,78.86483,-3.0058334,28,34.8513,248.9,28,40,1.383,2022-04-24,3.6583212e+07,9,2.1714038e+09,1
=,345,78.86483,-3.0058334,28,34.8513,248.9,28,40,1.383,2022-04-24,3.7485584e+07,12,2.2249644e+09,1
=,345,78.86483,-3.0058334,28,34.8599,198.6,29,40,1.721,2022-04-24,3.3985304e+07,9,2.015025e+09,1
=,345,78.86483,-3.0058334,28,34.8599,198.6,29,40,1.721,2022-04-24,3.4823748e+07,12,2.0647372e+09,1
=,345,78.86483,-3.0058334,28,34.8428,149.8,30,40,1.9767,2022-04-24,4.031686e+07,9,2.4073626e+09,1
=,345,78.86483,-3.0058334,28,34.8428,149.8,30,40,1.9767,2022-04-24,4.131089e+07,12,2.4667172e+09,1
=,345,78.86483,-3.0058334,28,34.5782,99.3,31,40,0.6364,2022-04-24,4.8559784e+07,9,2.90582e+09,1
=,345,78.86483,-3.0058334,28,34.5782,99.3,31,40,0.6364,2022-04-24,4.9747124e+07,12,2.9768704e+09,1
=,345,78.86483,-3.0058334,28,34.3066,74.7,32,40,-0.3678,2022-04-24,4.8426876e+07,9,2.8998656e+09,1
=,345,78.86483,-3.0058334,28,34.3066,74.7,32,40,-0.3678,2022-04-24,4.960091e+07,12,2.9701686e+09,1
=,345,78.86483,-3.0058334,28,33.7836,25.3,33,40,-1.7175,2022-04-24,6.665948e+07,9,3.9940995e+09,1
=,345,78.86483,-3.0058334,28,33.7836,25.3,33,40,-1.7175,2022-04-24,6.824879e+07,12,4.0893279e+09,1
=,345,78.86483,-3.0058334,28,33.182,15.4,34,40,-1.7739,2022-04-24,7.102453e+07,9,4.2586673e+09,1
=,345,78.86483,-3.0058334,28,33.182,15.4,34,40,-1.7739,2022-04-24,7.268529e+07,12,4.3582474e+09,1
=,345,78.811165,-4.005833,28,34.8929,988.9,35,41,0.1187,2022-04-25,2.7611592e+07,9,1.6280314e+09,1
=,345,78.811165,-4.005833,28,34.8929,988.9,35,41,0.1187,2022-04-25,2.8294596e+07,12,1.6683026e+09,1
=,345,78.811165,-4.005833,28,34.9065,741.3,36,41,0.7922,2022-04-25,2.8044006e+07,9,1.6626738e+09,1
=,345,78.811165,-4.005833,28,34.9065,741.3,36,41,0.7922,2022-04-25,2.8737646e+07,12,1.7037984e+09,1
=,345,78.811165,-4.005833,28,34.8731,397.0,37,41,1.3275,2022-04-25,3.045838e+07,9,1.8056275e+09,1
=,345,78.811165,-4.005833,28,34.8731,397.0,37,41,1.3275,2022-04-25,3.1210416e+07,12,1.8502095e+09,1
=,345,78.811165,-4.005833,28,34.8706,247.8,38,41,1.9719,2022-04-25,3.8104308e+07,9,2.2447675e+09,1
=,345,78.811165,-4.005833,28,34.8706,247.8,38,41,1.9719,2022-04-25,3.9044784e+07,12,2.300172e+09,1
=,345,78.811165,-4.005833,28,34.9029,198.0,39,41,2.5004,2022-04-25,4.161461e+07,9,2.4731712e+09,1
=,345,78.811165,-4.005833,28,34.9029,198.0,39,41,2.5004,2022-04-25,4.264263e+07,12,2.5342674e+09,1
=,345,78.811165,-4.005833,28,34.618,149.6,40,41,0.8164,2022-04-25,5.0833644e+07,9,3.0371863e+09,1
=,345,78.811165,-4.005833,28,34.618,149.6,40,41,0.8164,2022-04-25,5.207825e+07,12,3.1115484e+09,1
=,345,78.811165,-4.005833,28,34.204,100.2,41,41,-1.0332,2022-04-25,7.3701016e+07,9,4.4190684e+09,1
=,345,78.811165,-4.005833,28,34.204,100.2,41,41,-1.0332,2022-04-25,7.548208e+07,12,4.52586e+09,1
=,345,78.811165,-4.005833,28,33.2617,49.8,42,41,-1.7189,2022-04-25,9.653079e+07,9,5.795588e+09,1
=,345,78.811165,-4.005833,28,33.2617,49.8,42,41,-1.7189,2022-04-25,9.8794056e+07,12,5.9314714e+09,1
=,345,78.811165,-4.005833,28,32.7127,24.5,43,41,-1.5832,2022-04-25,6.735981e+07,9,4.027245e+09,1
=,345,78.811165,-4.005833,28,32.7127,24.5,43,41,-1.5832,2022-04-25,6.8910856e+07,12,4.1199777e+09,1
=,345,78.811165,-4.005833,28,31.9755,10.0,44,41,-1.7351,2022-04-25,5.9077144e+07,9,3.5261276e+09,1
=,345,78.811165,-4.005833,28,31.9755,10.0,44,41,-1.7351,2022-04-25,6.040426e+07,12,3.605339e+09,1
=,345,78.8195,-4.9971666,28,34.855,395.4,45,42,1.1369,2022-04-25,3.5015108e+07,9,2.058125e+09,1
=,345,78.8195,-4.9971666,28,34.855,395.4,45,42,1.1369,2022-04-25,3.5879164e+07,12,2.1089129e+09,1
=,345,78.8195,-4.9971666,28,34.8701,247.6,46,42,2.2432,2022-04-25,3.9611356e+07,9,2.364796e+09,1
=,345,78.8195,-4.9971666,28,34.8701,247.6,46,42,2.2432,2022-04-25,4.0588996e+07,12,2.4231608e+09,1
=,345,78.8195,-4.9971666,28,34.6949,197.8,47,42,1.1107,2022-04-25,4.399011e+07,9,2.6245645e+09,1
=,345,78.8195,-4.9971666,28,34.6949,197.8,47,42,1.1107,2022-04-25,4.506985e+07,12,2.688984e+09,1
=,345,78.8195,-4.9971666,28,34.3713,149.2,48,42,-0.3312,2022-04-25,6.0754176e+07,9,3.6321434e+09,1
=,345,78.8195,-4.9971666,28,34.3713,149.2,48,42,-0.3312,2022-04-25,6.2230236e+07,12,3.7203886e+09,1
=,345,78.8195,-4.9971666,28,33.8132,100.2,49,42,-0.7098,2022-04-25,6.0229116e+07,9,3.6015736e+09,1
=,345,78.8195,-4.9971666,28,33.8132,100.2,49,42,-0.7098,2022-04-25,6.1666676e+07,12,3.6875366e+09,1
=,345,78.8195,-4.9971666,28,31.5214,49.8,50,42,-1.695,2022-04-25,5.976683e+07,9,3.5697997e+09,1
=,345,78.8195,-4.9971666,28,31.5214,49.8,50,42,-1.695,2022-04-25,6.1088876e+07,12,3.648764e+09,1
=,345,78.8195,-4.9971666,28,31.5173,25.1,51,42,-1.6967,2022-04-25,5.3133476e+07,9,3.1048712e+09,1
=,345,78.8195,-4.9971666,28,31.5173,25.1,51,42,-1.6967,2022-04-25,5.4308556e+07,12,3.1735373e+09,1
=,345,78.8195,-4.9971666,28,31.5241,9.7,52,42,-1.6651,2022-04-25,4.9207564e+07,9,2.881314e+09,1
=,345,78.8195,-4.9971666,28,31.5241,9.7,52,42,-1.6651,2022-04-25,5.029603e+07,12,2.9450483e+09,1
=,345,78.8335,-5.9961667,28,34.8395,247.7,53,44,2.067,2022-04-25,4.00623e+07,9,2.3465592e+09,1
=,345,78.8335,-5.9961667,28,34.8395,247.7,53,44,2.067,2022-04-25,4.1050156e+07,12,2.4044204e+09,1
=,345,78.8335,-5.9961667,28,34.5794,198.1,54,44,0.3726,2022-04-25,5.0940576e+07,9,2.9943416e+09,1
=,345,78.8335,-5.9961667,28,34.5794,198.1,54,44,0.3726,2022-04-25,5.218641e+07,12,3.0675727e+09,1
=,345,78.8335,-5.9961667,28,34.1746,148.7,55,44,-0.9208,2022-04-25,6.6254612e+07,9,3.8824983e+09,1
=,345,78.8335,-5.9961667,28,34.1746,148.7,55,44,-0.9208,2022-04-25,6.785442e+07,12,3.9762463e+09,1
=,345,78.8335,-5.9961667,28,33.2683,99.5,56,44,-0.9087,2022-04-25,6.077126e+07,9,3.5640092e+09,1
=,345,78.8335,-5.9961667,28,33.2683,99.5,56,44,-0.9087,2022-04-25,6.2196524e+07,12,3.6475958e+09,1
=,345,78.8335,-5.9961667,28,31.5718,49.6,57,44,-1.7079,2022-04-25,5.5265332e+07,9,3.2077857e+09,1
=,345,78.8335,-5.9961667,28,31.5718,49.6,57,44,-1.7079,2022-04-25,5.6489956e+07,12,3.278867e+09,1
=,345,78.8335,-5.9961667,28,31.5497,24.9,58,44,-1.6994,2022-04-25,4.9569376e+07,9,2.8804247e+09,1
=,345,78.8335,-5.9961667,28,31.5497,24.9,58,44,-1.6994,2022-04-25,5.066688e+07,12,2.9441997e+09,1
=,345,78.8335,-5.9961667,28,31.5478,10.1,59,44,-1.702,2022-04-25,5.105905e+07,9,2.9733353e+09,1
=,345,78.8335,-5.9961667,28,31.5478,10.1,59,44,-1.702,2022-04-25,5.218941e+07,12,3.0391598e+09,1
=,345,78.6735,-8.006667,28,34.0936,161.5,60,45,-0.8794,2022-04-26,6.911336e+07,9,4.0687506e+09,1
=,345,78.6735,-8.006667,28,34.0936,161.5,60,45,-0.8794,2022-04-26,7.077797e+07,12,4.1667474e+09,1
=,345,78.6735,-8.006667,28,34.088,148.7,61,45,-0.8809,2022-04-26,6.3375604e+07,9,3.709974e+09,1
=,345,78.6735,-8.006667,28,34.088,148.7,61,45,-0.8809,2022-04-26,6.4901692e+07,12,3.7993103e+09,1
=,345,78.6735,-8.006667,28,33.0862,99.2,62,45,-1.2212,2022-04-26,7.277296e+07,9,4.2770301e+09,1
=,345,78.6735,-8.006667,28,33.0862,99.2,62,45,-1.2212,2022-04-26,7.446962e+07,12,4.3767465e+09,1
=,345,78.6735,-8.006667,28,31.6336,50.1,63,45,-1.7023,2022-04-26,6.2510416e+07,9,3.6677391e+09,1
=,345,78.6735,-8.006667,28,31.6336,50.1,63,45,-1.7023,2022-04-26,6.3898544e+07,12,3.749186e+09,1
=,345,78.6735,-8.006667,28,31.5699,25.2,64,45,-1.7095,2022-04-26,5.262344e+07,9,3.0647537e+09,1
=,345,78.6735,-8.006667,28,31.5699,25.2,64,45,-1.7095,2022-04-26,5.3789372e+07,12,3.1326566e+09,1
=,345,78.6735,-8.006667,28,31.5704,10.5,65,45,-1.6895,2022-04-26,4.133838e+07,9,2.4164744e+09,1
=,345,78.6735,-8.006667,28,31.5704,10.5,65,45,-1.6895,2022-04-26,4.225423e+07,12,2.4700114e+09,1
=,345,78.6735,-8.006667,28,31.5691,5.2,66,45,-1.7021,2022-04-26,3.899171e+07,9,2.276493e+09,1
=,345,78.6735,-8.006667,28,31.5691,5.2,66,45,-1.7021,2022-04-26,3.9855536e+07,12,2.3269263e+09,1
=,345,78.6735,-8.006667,28,31.5681,2.0,67,45,-1.7063,2022-04-26,4.7490824e+07,9,2.7776527e+09,1
=,345,78.6735,-8.006667,28,31.5681,2.0,67,45,-1.7063,2022-04-26,4.854289e+07,12,2.839186e+09,1
=,345,78.83417,-9.002666,28,34.3228,198.4,68,46,-0.1128,2022-04-26,5.111618e+07,9,2.9512282e+09,1
=,345,78.83417,-9.002666,28,34.3228,198.4,68,46,-0.1128,2022-04-26,5.2356336e+07,12,3.0228293e+09,1
=,345,78.83417,-9.002666,28,33.9167,149.1,69,46,-1.367,2022-04-26,7.092243e+07,9,4.167874e+09,1
=,345,78.83417,-9.002666,28,33.9167,149.1,69,46,-1.367,2022-04-26,7.262101e+07,12,4.2676938e+09,1
=,345,78.83417,-9.002666,28,32.5511,99.4,70,46,-1.6257,2022-04-26,7.656685e+07,9,4.502936e+09,1
=,345,78.83417,-9.002666,28,32.5511,99.4,70,46,-1.6257,2022-04-26,7.832076e+07,12,4.6060846e+09,1
=,345,78.83417,-9.002666,28,31.6307,49.8,71,46,-1.7103,2022-04-26,5.8456604e+07,9,3.416669e+09,1
=,345,78.83417,-9.002666,28,31.6307,49.8,71,46,-1.7103,2022-04-26,5.975458e+07,12,3.492533e+09,1
=,345,78.83417,-9.002666,28,31.6139,25.2,72,46,-1.7091,2022-04-26,5.6628084e+07,9,3.3040952e+09,1
=,345,78.83417,-9.002666,28,31.6139,25.2,72,46,-1.7091,2022-04-26,5.7884644e+07,12,3.377412e+09,1
=,345,78.83417,-9.002666,28,31.6192,10.0,73,46,-1.7116,2022-04-26,5.1858788e+07,9,3.0268795e+09,1
=,345,78.83417,-9.002666,28,31.6192,10.0,73,46,-1.7116,2022-04-26,5.300966e+07,12,3.094053e+09,1
=,345,78.8665,-9.992333,28,34.2098,198.2,74,47,-0.3288,2022-04-26,5.4835704e+07,9,3.1944614e+09,1
=,345,78.8665,-9.992333,28,34.2098,198.2,74,47,-0.3288,2022-04-26,5.616138e+07,12,3.271689e+09,1
=,345,78.8665,-9.992333,28,33.621,148.9,75,47,-1.1827,2022-04-26,7.811405e+07,9,4.5944535e+09,1
=,345,78.8665,-9.992333,28,33.621,148.9,75,47,-1.1827,2022-04-26,7.996724e+07,12,4.7034537e+09,1
=,345,78.8665,-9.992333,28,32.037,99.3,76,47,-1.618,2022-04-26,7.215848e+07,9,4.234895e+09,1
=,345,78.8665,-9.992333,28,32.037,99.3,76,47,-1.618,2022-04-26,7.378316e+07,12,4.3302456e+09,1
=,345,78.8665,-9.992333,28,31.849,50.0,77,47,-1.7125,2022-04-26,6.7049932e+07,9,3.9400868e+09,1
=,345,78.8665,-9.992333,28,31.849,50.0,77,47,-1.7125,2022-04-26,6.854986e+07,12,4.028227e+09,1
=,345,78.8665,-9.992333,28,31.7943,24.9,78,47,-1.7046,2022-04-26,7.0127864e+07,9,4.1071977e+09,1
=,345,78.8665,-9.992333,28,31.7943,24.9,78,47,-1.7046,2022-04-26,7.169359e+07,12,4.198898e+09,1
=,345,78.8665,-9.992333,28,31.8,9.4,79,47,-1.7072,2022-04-26,6.931917e+07,9,4.0682988e+09,1
=,345,78.8665,-9.992333,28,31.8,9.4,79,47,-1.7072,2022-04-26,7.086708e+07,12,4.1591447e+09,1
=,345,78.83317,-10.993,28,34.3016,198.6,80,48,-0.0971,2022-04-27,4.980656e+07,9,2.9386565e+09,1
=,345,78.83317,-10.993,28,34.3016,198.6,80,48,-0.0971,2022-04-27,5.1014148e+07,12,3.009906e+09,1
=,345,78.83317,-10.993,28,33.5017,149.2,81,48,-0.9259,2022-04-27,6.918296e+07,9,4.0914396e+09,1
=,345,78.83317,-10.993,28,33.5017,149.2,81,48,-0.9259,2022-04-27,7.0818e+07,12,4.1881352e+09,1
=,345,78.83317,-10.993,28,31.8693,99.7,82,48,-1.716,2022-04-27,7.229651e+07,9,4.2937708e+09,1
=,345,78.83317,-10.993,28,31.8693,99.7,82,48,-1.716,2022-04-27,7.391506e+07,12,4.3898977e+09,1
=,345,78.83317,-10.993,28,31.8355,50.2,83,48,-1.7156,2022-04-27,7.267634e+07,9,4.178274e+09,1
=,345,78.83317,-10.993,28,31.8355,50.2,83,48,-1.7156,2022-04-27,7.43014e+07,12,4.2717018e+09,1
=,345,78.83317,-10.993,28,31.7998,25.5,84,48,-1.7142,2022-04-27,6.6646636e+07,9,3.9272028e+09,1
=,345,78.83317,-10.993,28,31.7998,25.5,84,48,-1.7142,2022-04-27,6.813495e+07,12,4.0149028e+09,1
=,345,78.83317,-10.993,28,31.7933,10.0,85,48,-1.7167,2022-04-27,6.664105e+07,9,3.9168778e+09,1
=,345,78.83317,-10.993,28,31.7933,10.0,85,48,-1.7167,2022-04-27,6.812881e+07,12,4.0043218e+09,1
=,345,78.839165,-11.527,28,34.3023,197.6,86,49,-0.1064,2022-04-27,5.196502e+07,9,3.02835e+09,1
=,345,78.839165,-11.527,28,34.3023,197.6,86,49,-0.1064,2022-04-27,5.322494e+07,12,3.101774e+09,1
=,345,78.839165,-11.527,28,33.4892,148.4,87,49,-0.9458,2022-04-27,6.916644e+07,9,4.0668465e+09,1
=,345,78.839165,-11.527,28,33.4892,148.4,87,49,-0.9458,2022-04-27,7.080041e+07,12,4.1629204e+09,1
=,345,78.839165,-11.527,28,31.8756,98.8,88,49,-1.7147,2022-04-27,7.051284e+07,9,4.1683346e+09,1
=,345,78.839165,-11.527,28,31.8756,98.8,88,49,-1.7147,2022-04-27,7.209182e+07,12,4.2616758e+09,1
=,345,78.839165,-11.527,28,31.8057,49.6,89,49,-1.6698,2022-04-27,6.7409256e+07,9,4.0006986e+09,1
=,345,78.839165,-11.527,28,31.8057,49.6,89,49,-1.6698,2022-04-27,6.891501e+07,12,4.0900641e+09,1
=,345,78.839165,-11.527,28,31.7864,24.9,90,49,-1.6826,2022-04-27,6.600437e+07,9,3.8766285e+09,1
=,345,78.839165,-11.527,28,31.7864,24.9,90,49,-1.6826,2022-04-27,6.747763e+07,12,3.9631575e+09,1
=,345,78.839165,-11.527,28,31.7861,9.9,91,49,-1.6841,2022-04-27,6.6859332e+07,9,3.9695393e+09,1
=,345,78.839165,-11.527,28,31.7861,9.9,91,49,-1.6841,2022-04-27,6.83516e+07,12,4.0581379e+09,1
=,345,78.67834,-12.203167,28,33.1958,148.8,92,50,-1.2394,2022-04-27,7.136716e+07,9,4.2367357e+09,1
=,345,78.67834,-12.203167,28,33.1958,148.8,92,50,-1.2394,2022-04-27,7.303718e+07,12,4.3358776e+09,1
=,345,78.67834,-12.203167,28,31.8487,99.6,93,50,-1.7221,2022-04-27,6.6880756e+07,9,3.9573358e+09,1
=,345,78.67834,-12.203167,28,31.8487,99.6,93,50,-1.7221,2022-04-27,6.837704e+07,12,4.0458708e+09,1
=,345,78.67834,-12.203167,28,31.7259,50.2,94,50,-1.7278,2022-04-27,5.487946e+07,9,3.2429315e+09,1
=,345,78.67834,-12.203167,28,31.7259,50.2,94,50,-1.7278,2022-04-27,5.6101988e+07,12,3.3151729e+09,1
=,345,78.67834,-12.203167,28,31.6727,25.4,95,50,-1.6946,2022-04-27,5.5657324e+07,9,3.2780467e+09,1
=,345,78.67834,-12.203167,28,31.6727,25.4,95,50,-1.6946,2022-04-27,5.6894852e+07,12,3.350933e+09,1
=,345,78.67834,-12.203167,28,31.6726,10.6,96,50,-1.699,2022-04-27,5.769358e+07,9,3.4097403e+09,1
=,345,78.67834,-12.203167,28,31.6726,10.6,96,50,-1.699,2022-04-27,5.8976316e+07,12,3.485551e+09,1
=,345,78.816666,-6.495333,28,34.7728,247.3,97,65,0.6001,2022-05-06,2.8018918e+07,9,1.6305746e+09,1
=,345,78.816666,-6.495333,28,34.7728,247.3,97,65,0.6001,2022-05-06,2.8708376e+07,12,1.6706979e+09,1
=,345,78.816666,-6.495333,28,34.3645,197.9,98,65,-0.101,2022-05-06,5.1019176e+07,9,3.0021315e+09,1
=,345,78.816666,-6.495333,28,34.3645,197.9,98,65,-0.101,2022-05-06,5.225861e+07,12,3.0750636e+09,1
=,345,78.816666,-6.495333,28,33.6064,148.5,99,65,-1.3705,2022-05-06,8.147781e+07,9,4.8344233e+09,1
=,345,78.816666,-6.495333,28,33.6064,148.5,99,65,-1.3705,2022-05-06,8.340986e+07,12,4.94906e+09,1
=,345,78.816666,-6.495333,28,32.4409,99.3,100,65,-1.4395,2022-05-06,6.6857544e+07,9,3.9577836e+09,1
=,345,78.816666,-6.495333,28,32.4409,99.3,100,65,-1.4395,2022-05-06,6.838343e+07,12,4.0481119e+09,1
=,345,78.816666,-6.495333,28,31.7792,49.6,101,65,-1.6966,2022-05-06,7.196168e+07,9,4.1725524e+09,1
=,345,78.816666,-6.495333,28,31.7792,49.6,101,65,-1.6966,2022-05-06,7.3567624e+07,12,4.2656696e+09,1
=,345,78.816666,-6.495333,28,31.7789,25.0,102,65,-1.6975,2022-05-06,6.936273e+07,9,4.1046533e+09,1
=,345,78.816666,-6.495333,28,31.7789,25.0,102,65,-1.6975,2022-05-06,7.091057e+07,12,4.1962493e+09,1
=,345,78.816666,-6.495333,28,31.7792,10.0,103,65,-1.6973,2022-05-06,6.6816812e+07,9,3.9582313e+09,1
=,345,78.816666,-6.495333,28,31.7792,10.0,103,65,-1.6973,2022-05-06,6.830778e+07,12,4.046556e+09,1
=,345,78.83283,7.9966664,28,34.9885,395.3,104,72,2.9455,2022-05-08,3.3090328e+07,9,1.9453926e+09,1
=,345,78.83283,7.9966664,28,34.9885,395.3,104,72,2.9455,2022-05-08,3.3910268e+07,12,1.9935973e+09,1
=,345,78.83283,7.9966664,28,34.9927,247.2,105,72,3.241,2022-05-08,3.926817e+07,9,2.3101496e+09,1
=,345,78.83283,7.9966664,28,34.9927,247.2,105,72,3.241,2022-05-08,4.0241016e+07,12,2.3673823e+09,1
=,345,78.83283,7.9966664,28,34.9442,197.7,106,72,3.0447,2022-05-08,4.4380844e+07,9,2.603349e+09,1
=,345,78.83283,7.9966664,28,34.9442,197.7,106,72,3.0447,2022-05-08,4.5478588e+07,12,2.6677417e+09,1
=,345,78.83283,7.9966664,28,34.944,148.4,107,72,3.0493,2022-05-08,4.3601836e+07,9,2.540485e+09,1
=,345,78.83283,7.9966664,28,34.944,148.4,107,72,3.0493,2022-05-08,4.46802e+07,12,2.6033167e+09,1
=,345,78.83283,7.9966664,28,34.9437,99.1,108,72,3.0502,2022-05-08,4.117705e+07,9,2.4197192e+09,1
=,345,78.83283,7.9966664,28,34.9437,99.1,108,72,3.0502,2022-05-08,4.2195344e+07,12,2.479558e+09,1
=,345,78.83283,7.9966664,28,34.9439,74.2,109,72,3.0479,2022-05-08,4.8831108e+07,9,2.8364849e+09,1
=,345,78.83283,7.9966664,28,34.9439,74.2,109,72,3.0479,2022-05-08,5.0038628e+07,12,2.9066268e+09,1
=,345,78.83283,7.9966664,28,34.9437,49.5,110,72,3.0489,2022-05-08,4.8247764e+07,9,2.8137994e+09,1
=,345,78.83283,7.9966664,28,34.9437,49.5,110,72,3.0489,2022-05-08,4.94408e+07,12,2.883377e+09,1
=,345,78.83283,7.9966664,28,34.9437,24.6,111,72,3.0389,2022-05-08,4.161855e+07,9,2.4248049e+09,1
=,345,78.83283,7.9966664,28,34.9437,24.6,111,72,3.0389,2022-05-08,4.2647612e+07,12,2.4847603e+09,1
=,345,78.83283,7.9966664,28,34.9438,10.0,112,72,3.0371,2022-05-08,4.015079e+07,9,2.3285693e+09,1
=,345,78.83283,7.9966664,28,34.9438,10.0,112,72,3.0371,2022-05-08,4.114353e+07,12,2.3861437e+09,1
=,345,78.83933,-0.9496667,28,34.907,396.8,1,222,1.5948,2023-08-31,3.891715e+07,12,1.8434181e+09,1
=,345,78.83933,-0.9496667,28,34.988,247.2,2,222,2.9534,2023-08-31,3.866602e+07,12,1.8104591e+09,1
=,345,78.83933,-0.9496667,28,34.9495,198.4,3,222,3.1167,2023-08-31,4.256018e+07,12,2.0074623e+09,1
=,345,78.83933,-0.9496667,28,34.825,148.1,4,222,2.7978,2023-08-31,5.571894e+07,12,2.6460733e+09,1
=,345,78.83933,-0.9496667,28,34.78,98.9,5,222,3.6554,2023-08-31,5.5941276e+07,12,2.6431793e+09,1
=,345,78.83933,-0.9496667,28,34.033,49.7,6,222,-1.6489,2023-08-31,1.0745221e+08,12,5.1090724e+09,1
=,345,78.83933,-0.9496667,28,33.445,25.3,7,222,-1.468,2023-08-31,9.341427e+07,12,4.4312627e+09,1
=,345,78.83933,-0.9496667,28,31.258,4.3,8,222,-1.4495,2023-08-31,1.042046e+08,12,4.958171e+09,1
=,345,78.83217,-3.0018334,28,34.899,396.0,9,224,1.3328,2023-08-31,4.408886e+07,12,2.0826621e+09,1
=,345,78.83217,-3.0018334,28,34.918,247.4,10,224,1.5964,2023-08-31,4.6384172e+07,12,2.1987817e+09,1
=,345,78.83217,-3.0018334,28,34.723,197.6,11,224,0.587,2023-08-31,5.177092e+07,12,2.445373e+09,1
=,345,78.83217,-3.0018334,28,34.604,149.8,12,224,0.7519,2023-08-31,7.348436e+07,12,3.4747139e+09,1
=,345,78.83217,-3.0018334,28,34.15,100.2,13,224,-1.6362,2023-08-31,9.266738e+07,12,4.4003584e+09,1
=,345,78.83217,-3.0018334,28,32.64,49.7,14,224,-1.5103,2023-08-31,1.09136536e+08,12,5.177975e+09,1
=,345,78.83217,-3.0018334,28,31.122,25.0,15,224,-1.5157,2023-08-31,1.10140536e+08,12,5.2270556e+09,1
=,345,78.83217,-3.0018334,28,29.4985,5.2,16,224,-1.0389,2023-08-31,6.6497624e+07,12,3.149564e+09,1
=,345,78.834335,-3.995,28,34.925,1893.3,121,226,-0.5468,2023-09-01,1.0145663e+07,12,4.6085427e+08,1
=,345,78.834335,-3.995,28,34.857,395.9,17,226,0.9607,2023-09-01,4.4159704e+07,12,2.0886662e+09,1
=,345,78.834335,-3.995,28,34.663,247.6,18,226,0.2959,2023-09-01,5.907205e+07,12,2.804901e+09,1
=,345,78.834335,-3.995,28,34.415,198.5,19,226,-0.3648,2023-09-01,8.199247e+07,12,3.8882665e+09,1
=,345,78.834335,-3.995,28,34.024,148.8,20,226,-1.7962,2023-09-01,1.10490616e+08,12,5.231661e+09,1
=,345,78.834335,-3.995,28,33.158,99.9,21,226,-1.2794,2023-09-01,9.043607e+07,12,4.2826327e+09,1
=,345,78.834335,-3.995,28,31.552,50.1,22,226,-1.613,2023-09-01,8.2320696e+07,12,3.9054564e+09,1
=,345,78.834335,-3.995,28,31.344,25.1,23,226,-1.3397,2023-09-01,8.349822e+07,12,3.9697446e+09,1
=,345,78.834335,-3.995,28,29.119,5.2,24,226,-1.1133,2023-09-01,5.3594176e+07,12,2.538928e+09,1
=,345,78.839165,-4.966,28,34.8575,397.7,25,228,0.8954,2023-09-02,4.3039972e+07,12,2.0281198e+09,1
=,345,78.839165,-4.966,28,34.6895,248.9,26,228,0.4078,2023-09-02,5.396432e+07,12,2.5566449e+09,1
=,345,78.839165,-4.966,28,34.4555,198.7,27,228,-0.2947,2023-09-02,8.4417976e+07,12,4.000682e+09,1
=,345,78.839165,-4.966,28,34.0755,148.8,28,228,-1.7216,2023-09-02,1.025445e+08,12,4.863151e+09,1
=,345,78.839165,-4.966,28,33.3675,99.3,29,228,-1.4027,2023-09-02,1.1059013e+08,12,5.246005e+09,1
=,345,78.839165,-4.966,28,31.5495,49.6,30,228,-1.5836,2023-09-02,6.1170252e+07,12,2.9119644e+09,1
=,345,78.839165,-4.966,28,30.7105,25.0,31,228,-0.9487,2023-09-02,7.311805e+07,12,3.4499497e+09,1
=,345,78.839165,-4.966,28,28.8485,5.3,32,228,-1.1145,2023-09-02,5.711123e+07,12,2.6908744e+09,1
=,345,78.83867,-6.016,28,34.7875,247.7,33,230,0.722,2023-09-02,4.5399216e+07,12,2.135664e+09,1
=,345,78.83867,-6.016,28,34.6615,198.3,34,230,0.3133,2023-09-02,5.850042e+07,12,2.7598108e+09,1
=,345,78.83867,-6.016,28,34.1885,148.6,35,230,-1.5797,2023-09-02,9.26534e+07,12,4.3720115e+09,1
=,345,78.83867,-6.016,28,33.8905,99.2,36,230,-1.6873,2023-09-02,1.19768936e+08,12,5.707812e+09,1
=,345,78.83867,-6.016,28,32.3145,49.5,37,230,-1.4574,2023-09-02,8.14734e+07,12,3.8576627e+09,1
=,345,78.83867,-6.016,28,30.7625,24.7,38,230,-1.1005,2023-09-02,7.906752e+07,12,3.7013248e+09,1
=,345,78.83867,-6.016,28,29.0655,5.1,39,230,-1.4238,2023-09-02,6.5768224e+07,12,3.11586e+09,1
=,345,78.83134,-7.0158334,28,34.7435,198.1,40,232,0.708,2023-09-02,4.7797536e+07,12,2.2534764e+09,1
=,345,78.83134,-7.0158334,28,34.2065,148.0,41,232,-1.5536,2023-09-02,9.404384e+07,12,4.4472474e+09,1
=,345,78.83134,-7.0158334,28,33.9015,98.9,42,232,-1.5608,2023-09-02,1.1245917e+08,12,5.363992e+09,1
=,345,78.83134,-7.0158334,28,32.3195,49.6,43,232,-1.4944,2023-09-02,8.093763e+07,12,3.8194524e+09,1
=,345,78.83134,-7.0158334,28,30.8415,25.1,44,232,-1.1852,2023-09-02,6.978079e+07,12,3.326676e+09,1
=,345,78.83134,-7.0158334,28,29.0365,5.3,45,232,-1.1322,2023-09-02,5.623864e+07,12,2.6613563e+09,1
=,345,78.8335,-8.0,28,34.2615,148.8,46,234,-0.545,2023-09-02,7.499981e+07,12,3.5379067e+09,1
=,345,78.8335,-8.0,28,33.6615,98.8,47,234,-1.0901,2023-09-02,8.443496e+07,12,4.0005358e+09,1
=,345,78.8335,-8.0,28,31.5815,49.8,48,234,-1.4672,2023-09-02,8.008151e+07,12,3.7828316e+09,1
=,345,78.8335,-8.0,28,30.156,25.1,49,234,-0.8835,2023-09-02,6.234521e+07,12,2.9570977e+09,1
=,345,78.8335,-8.0,28,28.7435,5.3,50,234,-0.9201,2023-09-02,6.386278e+07,12,3.0015613e+09,1
=,345,78.833336,-9.000334,28,34.367,198.1,51,236,0.0141,2023-09-03,5.8264868e+07,12,2.743074e+09,1
=,345,78.833336,-9.000334,28,34.061,148.7,52,236,-0.721,2023-09-03,8.455558e+07,12,3.99748e+09,1
=,345,78.833336,-9.000334,28,32.263,99.0,53,236,-1.5179,2023-09-03,8.8522536e+07,12,4.1955622e+09,1
=,345,78.833336,-9.000334,28,31.588,49.8,54,236,-1.604,2023-09-03,8.270459e+07,12,3.9289518e+09,1
=,345,78.833336,-9.000334,28,31.348,24.9,55,236,-1.3217,2023-09-03,8.264631e+07,12,3.9228221e+09,1
=,345,78.833336,-9.000334,28,29.045,5.2,56,236,-0.2059,2023-09-03,5.770651e+07,12,2.6911823e+09,1
=,345,78.83317,-9.999833,28,34.75,248.0,57,238,0.845,2023-09-03,4.6987132e+07,12,2.2125924e+09,1
=,345,78.83317,-9.999833,28,34.51,198.4,58,238,0.1763,2023-09-03,5.8609172e+07,12,2.7653074e+09,1
=,345,78.83317,-9.999833,28,32.001,99.4,59,238,-1.6089,2023-09-03,9.334764e+07,12,4.4139505e+09,1
=,345,78.83317,-9.999833,28,31.563,50.2,60,238,-1.5051,2023-09-03,8.307519e+07,12,3.9402358e+09,1
=,345,78.83317,-9.999833,28,31.414,25.1,61,238,-1.2736,2023-09-03,8.553263e+07,12,3.992188e+09,1
=,345,78.83317,-9.999833,28,28.626,5.4,62,238,0.1091,2023-09-03,6.4106372e+07,12,3.059633e+09,1
=,345,78.83117,-11.010167,28,34.628,247.6,63,240,0.5272,2023-09-03,5.2307956e+07,12,2.4880064e+09,1
=,345,78.83117,-11.010167,28,34.331,198.7,64,240,-0.0723,2023-09-03,6.3074868e+07,12,2.9905298e+09,1
=,345,78.83117,-11.010167,28,33.7925,148.8,65,240,-1.1062,2023-09-03,9.582743e+07,12,4.560883e+09,1
=,345,78.83117,-11.010167,28,31.979,99.3,66,240,-1.6164,2023-09-03,8.8683736e+07,12,4.2208745e+09,1
=,345,78.83117,-11.010167,28,31.5565,49.7,67,240,-1.5421,2023-09-03,8.184927e+07,12,3.8784835e+09,1
=,345,78.83117,-11.010167,28,31.371,25.2,68,240,-1.1692,2023-09-03,8.273835e+07,12,3.9225603e+09,1
=,345,78.83117,-11.010167,28,28.756,5.0,69,240,-0.5935,2023-09-03,6.631204e+07,12,3.118704e+09,1
=,345,78.834,-11.9991665,28,31.914,99.1,70,242,-1.5807,2023-09-04,8.818779e+07,12,4.1666875e+09,1
=,345,78.834,-11.9991665,28,31.532,49.6,71,242,-1.5962,2023-09-04,8.399597e+07,12,3.983366e+09,1
=,345,78.834,-11.9991665,28,31.335,24.7,72,242,-1.2321,2023-09-04,8.087334e+07,12,3.8328236e+09,1
=,345,78.834,-11.9991665,28,28.505,4.9,73,242,-0.6605,2023-09-04,6.9134936e+07,12,3.2759672e+09,1
=,345,78.83234,-13.0045,28,34.036,197.2,74,244,-0.6341,2023-09-04,7.81865e+07,12,3.712292e+09,1
=,345,78.83234,-13.0045,28,33.833,148.8,75,244,-0.739,2023-09-04,8.398275e+07,12,3.9831534e+09,1
=,345,78.83234,-13.0045,28,32.392,99.4,76,244,-1.5324,2023-09-04,8.977659e+07,12,4.239772e+09,1
=,345,78.83234,-13.0045,28,31.585,49.7,77,244,-1.5976,2023-09-04,8.521396e+07,12,4.0279818e+09,1
=,345,78.83234,-13.0045,28,31.4685,25.0,78,244,-1.3137,2023-09-04,6.9359624e+07,12,3.276794e+09,1
=,345,78.83234,-13.0045,28,29.2365,4.9,79,244,-1.1497,2023-09-04,7.341619e+07,12,3.4898191e+09,1
=,345,78.7765,-14.092334,28,31.4695,49.8,122,246,-1.5693,2023-09-04,8.2886856e+07,12,3.9196948e+09,1
=,345,78.7765,-14.092334,28,31.2145,25.0,123,246,-1.5321,2023-09-04,8.018406e+07,12,3.7938422e+09,1
=,345,78.7765,-14.092334,28,30.2195,5.0,124,246,-1.3948,2023-09-04,7.9185064e+07,12,3.7512223e+09,1
=,345,78.83767,-5.0251665,28,34.8641,396.2,127,248,0.7859,2023-09-07,3.5889024e+07,12,1.6842601e+09,1
=,345,78.83767,-5.0251665,28,34.7219,198.4,128,248,0.6421,2023-09-07,5.477493e+07,12,2.5846935e+09,1
=,345,78.83767,-5.0251665,28,33.7336,100.1,129,248,-0.9184,2023-09-07,8.727241e+07,12,4.13604e+09,1
=,345,78.83767,-5.0251665,28,31.768,50.1,130,248,-1.4509,2023-09-07,8.529297e+07,12,4.03105e+09,1
=,345,78.83317,-0.0031666667,28,34.8845,395.8,80,252,0.9444,2023-09-09,4.4519e+07,12,2.0937295e+09,1
=,345,78.83317,-0.0031666667,28,34.9485,247.7,81,252,1.9793,2023-09-09,3.795852e+07,12,1.7807494e+09,1
=,345,78.83317,-0.0031666667,28,34.9715,198.3,82,252,2.4354,2023-09-09,3.9191012e+07,12,1.8564915e+09,1
=,345,78.83317,-0.0031666667,28,34.9765,148.9,83,252,2.6743,2023-09-09,3.999644e+07,12,1.890055e+09,1
=,345,78.83317,-0.0031666667,28,34.8775,100.0,84,252,2.2362,2023-09-09,4.8493452e+07,12,2.2907932e+09,1
=,345,78.83317,-0.0031666667,28,34.7255,49.6,85,252,3.5912,2023-09-09,5.3420164e+07,12,2.5015795e+09,1
=,345,78.83317,-0.0031666667,28,34.5475,25.4,86,252,6.1528,2023-09-09,5.6631944e+07,12,2.6818588e+09,1
=,345,78.83317,-0.0031666667,28,31.7495,5.3,87,252,-0.1105,2023-09-09,7.6966296e+07,12,3.651746e+09,1
=,345,78.82867,-1.9591666,28,34.9245,397.7,88,253,1.8552,2023-09-10,4.3693548e+07,12,2.0577448e+09,1
=,345,78.82867,-1.9591666,28,34.9865,249.5,89,253,3.0327,2023-09-10,3.9318396e+07,12,1.8667478e+09,1
=,345,78.82867,-1.9591666,28,34.9815,199.0,90,253,3.3853,2023-09-10,3.7092056e+07,12,1.7627965e+09,1
=,345,78.82867,-1.9591666,28,34.9575,148.8,91,253,3.6917,2023-09-10,4.5795816e+07,12,2.1541768e+09,1
=,345,78.82867,-1.9591666,28,34.7755,100.0,92,253,3.0642,2023-09-10,6.2058604e+07,12,2.900727e+09,1
=,345,78.82867,-1.9591666,28,34.0685,51.7,93,253,-0.4249,2023-09-10,1.00568376e+08,12,4.775869e+09,1
=,345,78.82867,-1.9591666,28,32.2635,25.1,94,253,-1.1662,2023-09-10,1.0436924e+08,12,4.9296195e+09,1
=,345,78.82867,-1.9591666,28,30.4665,5.3,95,253,-1.5579,2023-09-10,1.0069254e+08,12,4.759256e+09,1
=,345,78.8325,1.0008334,28,34.9145,395.9,96,254,1.6758,2023-09-10,4.3560224e+07,12,2.0583782e+09,1
=,345,78.8325,1.0008334,28,34.9965,246.7,97,254,3.1305,2023-09-10,3.691154e+07,12,1.7483663e+09,1
=,345,78.8325,1.0008334,28,35.0105,198.6,98,254,3.6184,2023-09-10,3.6170416e+07,12,1.6953673e+09,1
=,345,78.8325,1.0008334,28,35.0235,149.1,99,254,4.1404,2023-09-10,3.9375428e+07,12,1.8265277e+09,1
=,345,78.8325,1.0008334,28,35.0395,99.7,100,254,4.8647,2023-09-10,3.7059828e+07,12,1.7406034e+09,1
=,345,78.8325,1.0008334,28,34.5165,50.4,101,254,2.1089,2023-09-10,7.599285e+07,12,3.5801172e+09,1
=,345,78.8325,1.0008334,28,34.492,25.4,102,254,4.0452,2023-09-10,7.533858e+07,12,3.5873544e+09,1
=,345,78.8325,1.0008334,28,32.32,5.5,103,254,0.3098,2023-09-10,7.3384744e+07,12,3.4579996e+09,1
=,345,78.83317,1.9991666,28,34.92,397.0,105,255,1.767,2023-09-10,4.33035e+07,12,2.0378644e+09,1
=,345,78.83317,1.9991666,28,34.919,248.4,106,255,2.4578,2023-09-10,4.7836932e+07,12,2.230007e+09,1
=,345,78.83317,1.9991666,28,34.977,198.4,107,255,3.3354,2023-09-10,4.003605e+07,12,1.8782097e+09,1
=,345,78.83317,1.9991666,28,34.91,147.7,108,255,3.4545,2023-09-10,4.5993416e+07,12,2.1743022e+09,1
=,345,78.83317,1.9991666,28,34.865,98.8,109,255,3.8676,2023-09-10,5.3675588e+07,12,2.5299584e+09,1
=,345,78.83317,1.9991666,28,34.678,49.5,110,255,2.9078,2023-09-10,6.5206444e+07,12,3.08411e+09,1
=,345,78.83317,1.9991666,28,34.453,25.1,111,255,5.8547,2023-09-10,7.338326e+07,12,3.457034e+09,1
=,345,78.83317,1.9991666,28,32.604,4.8,112,255,1.3203,2023-09-10,7.789386e+07,12,3.707687e+09,1
=,345,78.83317,7.9995,28,35.0035,395.4,113,262,3.6173,2023-09-12,3.749943e+07,12,1.756451e+09,1
=,345,78.83317,7.9995,28,35.0305,247.6,114,262,4.2236,2023-09-12,3.9061116e+07,12,1.8385124e+09,1
=,345,78.83317,7.9995,28,35.0445,198.2,115,262,4.6752,2023-09-12,3.6909644e+07,12,1.7455471e+09,1
=,345,78.83317,7.9995,28,35.0523,148.7,116,262,5.1763,2023-09-12,3.5159516e+07,12,1.6528014e+09,1
=,345,78.83317,7.9995,28,35.0559,99.1,117,262,5.8789,2023-09-12,3.780394e+07,12,1.7840741e+09,1
=,345,78.83317,7.9995,28,34.9221,49.9,118,262,7.0313,2023-09-12,5.675827e+07,12,2.6712786e+09,1
=,345,78.83317,7.9995,28,34.8967,24.7,119,262,7.0967,2023-09-12,6.918351e+07,12,3.2856916e+09,1
=,345,78.83317,7.9995,28,34.8961,5.3,120,262,7.0959,2023-09-12,6.85747e+07,12,3.2436014e+09,1
=,345,78.833,-0.0053333333,28,34.8555,395.7,1,179,0.9651,2024-08-14,5.0930584e+07,12,1.9152218e+09,1
=,345,78.833,-0.0053333333,28,34.9425,247.5,2,179,2.2413,2024-08-14,5.0318256e+07,12,1.9038842e+09,1
=,345,78.833,-0.0053333333,28,34.8255,197.9,3,179,1.461,2024-08-14,5.9198684e+07,12,2.155119e+09,1
=,345,78.833,-0.0053333333,28,34.6765,148.8,4,179,0.5016,2024-08-14,7.112363e+07,12,2.7010865e+09,1
=,345,78.833,-0.0053333333,28,34.5315,99.3,5,179,0.7184,2024-08-14,9.2565544e+07,12,3.4838674e+09,1
=,345,78.833,-0.0053333333,28,34.1585,49.7,6,179,0.5214,2024-08-14,1.1133802e+08,12,4.2580564e+09,1
=,345,78.833,-0.0053333333,28,33.0535,25.2,7,179,0.576,2024-08-14,1.3291715e+08,12,5.111876e+09,1
=,345,78.833,-0.0053333333,28,29.5725,5.0,8,179,-0.0805,2024-08-14,1.1447352e+08,12,4.393054e+09,1
=,345,78.834335,-1.0018333,28,34.9635,395.8,9,180,2.4733,2024-08-14,5.5621536e+07,12,2.104881e+09,1
=,345,78.834335,-1.0018333,28,34.9695,257.4,10,180,3.1117,2024-08-14,5.8873076e+07,12,2.2355256e+09,1
=,345,78.834335,-1.0018333,28,34.971,197.5,11,180,3.3243,2024-08-14,6.512763e+07,12,2.466297e+09,1
=,345,78.834335,-1.0018333,28,34.9725,148.6,12,180,3.9142,2024-08-14,7.352416e+07,12,2.7987228e+09,1
=,345,78.834335,-1.0018333,28,34.7825,99.2,13,180,3.8732,2024-08-14,8.9346696e+07,12,3.3959708e+09,1
=,345,78.834335,-1.0018333,28,33.3325,49.6,14,180,-0.9144,2024-08-14,1.3421198e+08,12,5.1321687e+09,1
=,345,78.834335,-1.0018333,28,32.4415,24.6,15,180,-1.4285,2024-08-14,1.6391523e+08,12,6.297592e+09,1
=,345,78.834335,-1.0018333,28,29.9445,5.0,16,180,0.7158,2024-08-14,1.0656841e+08,12,4.077198e+09,1
=,345,78.83217,-1.9601667,28,34.903,395.7,17,182,1.8052,2024-08-15,5.635842e+07,12,2.1125052e+09,1
=,345,78.83217,-1.9601667,28,35.0025,252.1,18,182,3.244,2024-08-15,5.5450492e+07,12,2.1027537e+09,1
=,345,78.83217,-1.9601667,28,34.9955,198.2,19,182,3.4042,2024-08-15,5.7715948e+07,12,2.175817e+09,1
=,345,78.83217,-1.9601667,28,34.9905,148.4,20,182,3.7663,2024-08-15,6.3895756e+07,12,2.4296312e+09,1
=,345,78.83217,-1.9601667,28,34.7785,99.0,21,182,2.4365,2024-08-15,8.239118e+07,12,3.2257628e+09,1
=,345,78.83217,-1.9601667,28,33.6625,49.9,22,182,-1.2699,2024-08-15,1.433114e+08,12,5.630714e+09,1
=,345,78.83217,-1.9601667,28,32.538,24.6,23,182,-1.5004,2024-08-15,1.3316651e+08,12,5.2329165e+09,1
=,345,78.83217,-1.9601667,28,30.151,5.0,24,182,1.3602,2024-08-15,1.20139736e+08,12,4.7157146e+09,1
=,345,78.809166,-3.0763333,28,34.8765,396.2,25,183,1.2147,2024-08-15,5.2223212e+07,12,2.031862e+09,1
=,345,78.809166,-3.0763333,28,34.9475,248.0,26,183,2.6273,2024-08-15,5.6663908e+07,12,2.2051272e+09,1
=,345,78.809166,-3.0763333,28,34.912,198.8,27,183,2.7521,2024-08-15,6.35661e+07,12,2.4814886e+09,1
=,345,78.809166,-3.0763333,28,34.7955,148.8,28,183,1.8551,2024-08-15,7.51676e+07,12,2.9414162e+09,1
=,345,78.809166,-3.0763333,28,34.3035,99.3,29,183,-0.6617,2024-08-15,1.0335009e+08,12,4.0532874e+09,1
=,345,78.809166,-3.0763333,28,33.5525,49.9,30,183,-1.6677,2024-08-15,1.8088462e+08,12,7.11395e+09,1
=,345,78.809166,-3.0763333,28,32.7455,25.1,31,183,-1.442,2024-08-15,1.8870874e+08,12,7.422415e+09,1
=,345,78.809166,-3.0763333,28,29.5715,5.7,32,183,-0.5028,2024-08-15,8.917471e+07,12,3.4899517e+09,1
=,345,78.81617,-4.0191665,28,34.8745,396.0,33,186,1.0167,2024-08-16,4.962617e+07,12,1.9255195e+09,1
=,345,78.81617,-4.0191665,28,34.8165,248.0,34,186,1.1574,2024-08-16,5.163041e+07,12,1.996081e+09,1
=,345,78.81617,-4.0191665,28,34.6685,198.6,35,186,0.3542,2024-08-16,6.257341e+07,12,2.4286656e+09,1
=,345,78.81617,-4.0191665,28,34.4305,148.8,36,186,-0.0255,2024-08-16,1.0450147e+08,12,4.0992855e+09,1
=,345,78.81617,-4.0191665,28,34.0065,99.7,37,186,-1.7169,2024-08-16,1.19278696e+08,12,4.6847995e+09,1
=,345,78.81617,-4.0191665,28,32.9915,50.2,38,186,-1.5808,2024-08-16,1.419411e+08,12,5.5646766e+09,1
=,345,78.81617,-4.0191665,28,31.4485,25.1,39,186,-1.2214,2024-08-16,1.464952e+08,12,5.763149e+09,1
=,345,78.81617,-4.0191665,28,29.6485,5.5,40,186,-0.0132,2024-08-16,6.834252e+07,12,2.6687314e+09,1
=,345,78.834335,-5.005833,28,34.8395,395.6,41,187,0.7859,2024-08-16,4.449874e+07,12,1.7240699e+09,1
=,345,78.834335,-5.005833,28,34.7325,248.1,42,187,0.6009,2024-08-16,5.8662732e+07,12,2.284249e+09,1
=,345,78.834335,-5.005833,28,34.6135,198.2,43,187,0.6067,2024-08-16,7.808267e+07,12,3.0521674e+09,1
=,345,78.834335,-5.005833,28,34.1835,148.6,44,187,-1.3013,2024-08-16,1.10601096e+08,12,4.332081e+09,1
=,345,78.834335,-5.005833,28,33.5295,99.4,45,187,-1.4519,2024-08-16,1.5233509e+08,12,5.984859e+09,1
=,345,78.834335,-5.005833,28,32.3045,49.8,46,187,-1.4383,2024-08-16,1.0762919e+08,12,4.2179507e+09,1
=,345,78.834335,-5.005833,28,31.3765,25.5,47,187,-1.4334,2024-08-16,9.439916e+07,12,3.7018317e+09,1
=,345,78.834335,-5.005833,28,29.4095,5.3,48,187,0.1177,2024-08-16,6.886933e+07,12,2.6797827e+09,1
=,345,78.833,-6.000167,28,34.8495,330.2,49,189,1.0751,2024-08-16,4.8271932e+07,12,1.8626779e+09,1
=,345,78.833,-6.000167,28,34.8765,247.8,50,189,1.9741,2024-08-16,5.666046e+07,12,2.1786785e+09,1
=,345,78.833,-6.000167,28,34.701,198.3,51,189,0.8765,2024-08-16,6.762263e+07,12,2.5997916e+09,1
=,345,78.833,-6.000167,28,34.376,148.8,52,189,-0.3184,2024-08-16,9.61286e+07,12,3.726634e+09,1
=,345,78.833,-6.000167,28,33.84,99.4,53,189,-1.2728,2024-08-16,1.3074055e+08,12,5.0971873e+09,1
=,345,78.833,-6.000167,28,32.4295,49.8,54,189,-1.5178,2024-08-16,1.2771009e+08,12,4.975476e+09,1
=,345,78.833,-6.000167,28,31.3485,24.9,55,189,-1.235,2024-08-16,1.1486012e+08,12,4.4669793e+09,1
=,345,78.833,-6.000167,28,28.8135,4.7,56,189,-0.0017,2024-08-16,7.245338e+07,12,2.806999e+09,1
=,345,78.83217,-7.000167,28,34.8315,231.1,57,191,0.9875,2024-08-17,5.3043388e+07,12,2.0302305e+09,1
=,345,78.83217,-7.000167,28,34.8015,197.7,58,191,0.9466,2024-08-17,5.5819696e+07,12,2.1390839e+09,1
=,345,78.83217,-7.000167,28,34.4365,148.6,59,191,-0.1479,2024-08-17,8.457559e+07,12,3.2833426e+09,1
=,345,78.83217,-7.000167,28,33.9415,99.2,60,191,-1.1719,2024-08-17,1.1823734e+08,12,4.595334e+09,1
=,345,78.83217,-7.000167,28,32.7015,49.4,61,191,-1.4929,2024-08-17,1.2220342e+08,12,4.7559583e+09,1
=,345,78.83217,-7.000167,28,31.4275,24.9,62,191,-1.2602,2024-08-17,1.10938504e+08,12,4.267962e+09,1
=,345,78.83217,-7.000167,28,28.9625,5.1,63,191,-0.3061,2024-08-17,7.177554e+07,12,2.7770363e+09,1
=,345,78.83667,-8.084167,28,34.3565,149.0,64,192,-0.2566,2024-08-17,8.719064e+07,12,3.3781827e+09,1
=,345,78.83667,-8.084167,28,33.9615,99.2,65,192,-1.2969,2024-08-17,1.1570574e+08,12,4.494704e+09,1
=,345,78.83667,-8.084167,28,32.6425,49.8,66,192,-1.519,2024-08-17,1.1488255e+08,12,4.412058e+09,1
=,345,78.83667,-8.084167,28,31.1685,25.0,67,192,-1.0553,2024-08-17,9.714908e+07,12,3.7742584e+09,1
=,345,78.83667,-8.084167,28,28.7045,4.9,68,192,-0.3721,2024-08-17,7.104207e+07,12,2.7470546e+09,1
=,345,78.834,-9.0005,28,34.5655,198.2,69,195,0.2743,2024-08-17,7.446484e+07,12,2.8708897e+09,1
=,345,78.834,-9.0005,28,34.386,148.7,70,195,-0.106,2024-08-17,8.5872184e+07,12,3.3286467e+09,1
=,345,78.834,-9.0005,28,33.6345,99.2,71,195,-0.8116,2024-08-17,1.05519016e+08,12,4.093407e+09,1
=,345,78.834,-9.0005,28,31.7325,49.8,72,195,-1.5555,2024-08-17,1.08176824e+08,12,4.208603e+09,1
=,345,78.834,-9.0005,28,31.2045,25.0,73,195,-1.3229,2024-08-17,9.491111e+07,12,3.681468e+09,1
=,345,78.834,-9.0005,28,30.2765,4.3,74,195,-0.4532,2024-08-17,8.4293224e+07,12,3.2674688e+09,1
=,345,78.832,-10.003166,28,34.6945,247.7,75,197,0.6889,2024-08-18,6.6477424e+07,12,2.5593336e+09,1
=,345,78.832,-10.003166,28,34.535,197.8,76,197,0.2123,2024-08-18,7.731547e+07,12,2.984926e+09,1
=,345,78.832,-10.003166,28,34.2765,148.5,77,197,-0.4217,2024-08-18,9.379278e+07,12,3.6268595e+09,1
=,345,78.832,-10.003166,28,33.4455,99.2,78,197,-1.0418,2024-08-18,1.12136824e+08,12,4.3409357e+09,1
=,345,78.832,-10.003166,28,31.7185,49.6,79,197,-1.5254,2024-08-18,1.227705e+08,12,4.7803453e+09,1
=,345,78.832,-10.003166,28,31.1865,24.9,80,197,-1.3398,2024-08-18,1.0500687e+08,12,4.085399e+09,1
=,345,78.832,-10.003166,28,30.161,6.0,81,197,-0.4222,2024-08-18,8.551564e+07,12,3.313023e+09,1
=,345,78.8325,-10.998,28,34.7005,312.3,82,200,0.6644,2024-08-18,6.6317484e+07,12,2.5523343e+09,1
=,345,78.8325,-10.998,28,34.6525,247.6,83,200,0.4751,2024-08-18,6.91688e+07,12,2.664569e+09,1
=,345,78.8325,-10.998,28,34.5005,198.0,84,200,0.1109,2024-08-18,8.191708e+07,12,3.1710881e+09,1
=,345,78.8325,-10.998,28,34.181,149.1,85,200,-0.3006,2024-08-18,8.844885e+07,12,3.4242483e+09,1
=,345,78.8325,-10.998,28,33.169,99.2,86,200,-1.4486,2024-08-18,1.3532563e+08,12,5.272119e+09,1
=,345,78.8325,-10.998,28,31.638,50.0,87,200,-1.5435,2024-08-18,1.0406377e+08,12,4.0294707e+09,1
=,345,78.8325,-10.998,28,30.925,25.3,88,200,-1.1361,2024-08-18,9.299225e+07,12,3.608101e+09,1
=,345,78.8325,-10.998,28,29.621,6.4,89,200,-0.3856,2024-08-18,7.766335e+07,12,2.9899566e+09,1
=,345,78.833,-12.0005,28,34.233,190.4,90,202,-0.0986,2024-08-18,8.748292e+07,12,3.3848061e+09,1
=,345,78.833,-12.0005,28,33.958,148.9,91,202,-0.4105,2024-08-18,9.486328e+07,12,3.673172e+09,1
=,345,78.833,-12.0005,28,32.367,99.3,92,202,-1.5204,2024-08-18,1.12855944e+08,12,4.376393e+09,1
=,345,78.833,-12.0005,28,31.45,50.0,93,202,-1.6678,2024-08-18,9.893718e+07,12,3.8518666e+09,1
=,345,78.833,-12.0005,28,31.312,25.2,94,202,-1.5023,2024-08-18,9.694608e+07,12,3.7516004e+09,1
=,345,78.833,-12.0005,28,29.907,4.9,95,202,-0.3874,2024-08-18,8.190475e+07,12,3.1650726e+09,1
=,345,78.833336,0.9993333,28,34.907,396.6,96,230,1.2211,2024-08-24,5.4762576e+07,12,2.0965549e+09,1
=,345,78.833336,0.9993333,28,34.9565,247.7,97,230,2.2892,2024-08-24,5.305201e+07,12,2.0204808e+09,1
=,345,78.833336,0.9993333,28,34.982,198.6,98,230,2.717,2024-08-24,5.3111404e+07,12,2.0226757e+09,1
=,345,78.833336,0.9993333,28,34.934,149.3,99,230,2.5316,2024-08-24,5.796473e+07,12,2.2332265e+09,1
=,345,78.833336,0.9993333,28,34.918,100.1,100,230,2.8334,2024-08-24,6.4203348e+07,12,2.4733094e+09,1
=,345,78.833336,0.9993333,28,34.883,49.6,101,230,3.7409,2024-08-24,7.187989e+07,12,2.7725967e+09,1
=,345,78.833336,0.9993333,28,34.634,24.8,102,230,3.4057,2024-08-24,8.876276e+07,12,3.4405906e+09,1
=,345,78.833336,0.9993333,28,32.946,5.2,103,230,4.8858,2024-08-24,1.0111321e+08,12,3.927258e+09,1
=,345,78.83317,1.9975,28,34.96,396.0,104,232,1.597,2024-08-25,4.582184e+07,12,1.7461284e+09,1
=,345,78.83317,1.9975,28,34.97,247.7,105,232,2.2432,2024-08-25,4.9603036e+07,12,1.900402e+09,1
=,345,78.83317,1.9975,28,34.982,198.2,106,232,2.5733,2024-08-25,5.0648924e+07,12,1.9376694e+09,1
=,345,78.83317,1.9975,28,34.965,149.0,107,232,2.6312,2024-08-25,5.609258e+07,12,2.1563277e+09,1
=,345,78.83317,1.9975,28,34.951,100.4,108,232,2.826,2024-08-25,5.8525816e+07,12,2.2631516e+09,1
=,345,78.83317,1.9975,28,34.897,50.5,109,232,3.8744,2024-08-25,6.9079416e+07,12,2.6844884e+09,1
=,345,78.83317,1.9975,28,34.638,25.0,110,232,4.3472,2024-08-25,8.463551e+07,12,3.3030764e+09,1
=,345,78.83317,1.9975,28,32.823,5.2,111,232,5.1058,2024-08-25,1.02757384e+08,12,4.0199572e+09,1
=,345,78.8335,8.005167,28,34.9795,396.9,112,245,3.4977,2024-08-26,6.2614092e+07,12,2.40085e+09,1
=,345,78.8335,8.005167,28,34.9955,248.6,113,245,4.1469,2024-08-26,6.2183956e+07,12,2.4180385e+09,1
=,345,78.8335,8.005167,28,35.0345,198.2,114,245,4.9212,2024-08-26,6.1676836e+07,12,2.38076e+09,1
=,345,78.8335,8.005167,28,35.0675,149.4,115,245,5.836,2024-08-26,6.5122824e+07,12,2.5200236e+09,1
=,345,78.8335,8.005167,28,35.0925,99.5,116,245,6.5989,2024-08-26,8.374434e+07,12,3.2477722e+09,1
=,345,78.8335,8.005167,28,35.0275,49.5,117,245,7.0774,2024-08-26,1.3886731e+08,12,5.437213e+09,1
=,345,78.8335,8.005167,28,34.9455,24.8,118,245,8.0105,2024-08-26,1.7901528e+08,12,7.0125624e+09,1
=,345,78.8335,8.005167,28,34.8735,4.7,119,245,9.6997,2024-08-26,1.7051168e+08,12,6.683884e+09,1
=,345,78.83217,-2.0046666,28,34.9,987.6,1,341,0.0538,2025-07-30,5.886864e+07,12,2.2647685e+09,1
=,345,78.83217,-2.0046666,28,34.917,741.0,2,341,0.8933,2025-07-30,5.074921e+07,12,1.951592e+09,1
=,345,78.83217,-2.0046666,28,34.923,494.8,3,341,1.6611,2025-07-30,5.406397e+07,12,2.0810412e+09,1
=,345,78.83217,-2.0046666,28,34.948,395.9,4,341,2.2196,2025-07-30,5.812364e+07,12,2.2384364e+09,1
=,345,78.83217,-2.0046666,28,34.987,247.6,5,341,3.0336,2025-07-30,6.1192064e+07,12,2.3556746e+09,1
=,345,78.83217,-2.0046666,28,35.006,198.3,6,341,3.3387,2025-07-30,6.4200428e+07,12,2.4702676e+09,1
=,345,78.83217,-2.0046666,28,34.974,148.8,7,341,3.2226,2025-07-30,6.4021452e+07,12,2.4671421e+09,1
=,345,78.83217,-2.0046666,28,34.651,99.4,8,341,0.3582,2025-07-30,8.379917e+07,12,3.232566e+09,1
=,345,78.83217,-2.0046666,28,34.217,49.8,9,341,-0.3041,2025-07-30,1.1506282e+08,12,4.4353014e+09,1
=,345,78.83217,-2.0046666,28,33.82,25.0,10,341,-1.616,2025-07-30,1.6219029e+08,12,6.254773e+09,1
=,345,78.83217,-2.0046666,28,30.534,5.2,11,341,-0.0686,2025-07-30,1.1099913e+08,12,4.2853517e+09,1
=,345,78.8325,-2.4983332,28,34.924,2578.0,12,342,-0.703,2025-07-31,4.745141e+06,12,1.5021986e+08,1
=,345,78.8325,-2.4983332,28,34.899,987.7,13,342,0.1075,2025-07-31,5.0325996e+07,12,1.940556e+09,1
=,345,78.8325,-2.4983332,28,34.878,741.2,14,342,0.3974,2025-07-31,5.0358904e+07,12,1.9404983e+09,1
=,345,78.8355,-3.0125,28,34.882,396.3,15,345,1.1737,2025-07-31,5.384621e+07,12,2.0710088e+09,1
=,345,78.8355,-3.0125,28,34.844,247.4,16,345,1.2882,2025-07-31,6.406573e+07,12,2.4651453e+09,1
=,345,78.8355,-3.0125,28,34.766,197.6,17,345,1.0424,2025-07-31,6.963201e+07,12,2.6783089e+09,1
=,345,78.8355,-3.0125,28,34.225,100.6,19,345,-1.0791,2025-07-31,1.214289e+08,12,4.679856e+09,1
=,345,78.8355,-3.0125,28,33.814,49.9,20,345,-1.6456,2025-07-31,1.6283834e+08,12,6.275713e+09,1
=,345,78.8355,-3.0125,28,32.407,25.1,21,345,-0.9563,2025-07-31,1.5421451e+08,12,5.9320643e+09,1
=,345,78.8355,-3.0125,28,30.149,5.6,22,345,0.5784,2025-07-31,6.7714296e+07,12,2.6035827e+09,1
=,345,78.84116,-3.49,28,34.922,2246.6,23,346,-0.706,2025-08-01,5.503696e+06,12,1.8147182e+08,1
=,345,78.84116,-3.49,28,34.891,987.5,24,346,-0.0192,2025-08-01,4.453686e+07,12,1.710805e+09,1
=,345,78.84116,-3.49,28,34.877,741.3,25,346,0.3121,2025-08-01,5.3789024e+07,12,2.0701015e+09,1
=,345,78.83667,-4.5151668,28,34.912,1449.7,26,347,-0.3243,2025-08-01,2.4090512e+07,12,9.197955e+08,1
=,345,78.83667,-4.5151668,28,34.882,988.9,27,347,0.0545,2025-08-01,4.7661196e+07,12,1.8670848e+09,1
=,345,78.83667,-4.5151668,28,34.873,742.7,28,347,0.3708,2025-08-01,4.8006092e+07,12,1.8806505e+09,1
=,345,78.83283,-4.002,28,34.886,988.2,29,348,0.0835,2025-08-01,4.039337e+07,12,1.5809756e+09,1
=,345,78.83283,-4.002,28,34.878,741.6,30,348,0.2743,2025-08-01,3.9814696e+07,12,1.5591382e+09,1
=,345,78.83283,-4.002,28,34.87,494.9,31,348,0.819,2025-08-01,4.3215932e+07,12,1.69357e+09,1
=,345,78.83283,-4.002,28,34.877,395.9,32,348,1.2398,2025-08-01,5.1139464e+07,12,2.0031579e+09,1
=,345,78.83283,-4.002,28,34.915,247.5,33,348,2.5078,2025-08-01,5.980896e+07,12,2.345131e+09,1
=,345,78.83283,-4.002,28,34.458,198.6,34,348,-0.1734,2025-08-01,9.501174e+07,12,3.7313846e+09,1
=,345,78.83283,-4.002,28,33.98,148.6,35,348,-1.7134,2025-08-01,1.3507714e+08,12,5.3092465e+09,1
=,345,78.83283,-4.002,28,33.763,99.2,36,348,-1.815,2025-08-01,1.8193797e+08,12,7.1508557e+09,1
=,345,78.83283,-4.002,28,32.653,49.7,37,348,-1.6016,2025-08-01,1.3481186e+08,12,5.2949606e+09,1
=,345,78.83283,-4.002,28,31.617,24.9,38,348,-1.5819,2025-08-01,7.524242e+07,12,2.9494822e+09,1
=,345,78.83283,-4.002,28,30.747,4.9,39,348,-0.8191,2025-08-01,5.3087348e+07,12,2.0784005e+09,1
=,345,78.83417,-4.9973335,28,34.882,1009.4,40,350,-0.0125,2025-08-01,3.8743264e+07,12,1.5164883e+09,1
=,345,78.83417,-4.9973335,28,34.88,740.8,41,350,0.2779,2025-08-01,3.943521e+07,12,1.541554e+09,1
=,345,78.83417,-4.9973335,28,34.868,495.5,42,350,0.6795,2025-08-01,4.1878756e+07,12,1.6395636e+09,1
=,345,78.83417,-4.9973335,28,34.854,396.5,43,350,0.8515,2025-08-01,4.73322e+07,12,1.8540637e+09,1
=,345,78.83417,-4.9973335,28,34.924,247.1,44,350,2.3663,2025-08-01,5.8265104e+07,12,2.2848394e+09,1
=,345,78.83417,-4.9973335,28,34.699,198.0,45,350,0.799,2025-08-01,7.718734e+07,12,3.0311447e+09,1
=,345,78.83417,-4.9973335,28,34.243,149.2,46,350,-1.1566,2025-08-01,1.1151739e+08,12,4.38023e+09,1
=,345,78.83417,-4.9973335,28,33.535,99.2,47,350,-1.5688,2025-08-01,1.4412205e+08,12,5.6634056e+09,1
=,345,78.83417,-4.9973335,28,32.59,49.1,48,350,-1.5768,2025-08-01,1.23696744e+08,12,4.860712e+09,1
=,345,78.83417,-4.9973335,28,31.512,25.3,49,350,-1.4606,2025-08-01,6.951843e+07,12,2.7279352e+09,1
=,345,78.83417,-4.9973335,28,29.3755,5.6,50,350,0.0893,2025-08-01,4.89425e+07,12,1.9178922e+09,1
=,345,78.83483,-5.9898334,28,34.877,333.0,51,352,0.9815,2025-08-02,4.6138236e+07,12,1.8083619e+09,1
=,345,78.83483,-5.9898334,28,34.873,248.1,52,352,1.4774,2025-08-02,5.685844e+07,12,2.2286984e+09,1
=,345,78.83483,-5.9898334,28,34.8955,199.3,53,352,2.2657,2025-08-02,5.955948e+07,12,2.3366607e+09,1
=,345,78.83483,-5.9898334,28,34.5355,149.1,54,352,0.3359,2025-08-02,8.378168e+07,12,3.2884058e+09,1
=,345,78.83483,-5.9898334,28,33.9945,98.8,55,352,-1.5616,2025-08-02,1.3066434e+08,12,5.1328727e+09,1
=,345,78.83483,-5.9898334,28,33.2495,49.2,56,352,-1.6132,2025-08-02,1.7234013e+08,12,6.767541e+09,1
=,345,78.83483,-5.9898334,28,32.2365,24.7,57,352,-1.5253,2025-08-02,1.517357e+08,12,5.959314e+09,1
=,345,78.83483,-5.9898334,28,28.9885,5.1,58,352,-0.3665,2025-08-02,6.4506296e+07,12,2.5252897e+09,1
=,345,78.832664,-6.9876666,28,34.756,198.6,59,354,1.3204,2025-08-02,6.5558716e+07,12,2.5668872e+09,1
=,345,78.832664,-6.9876666,28,34.4055,148.9,60,354,-0.5266,2025-08-02,1.0369836e+08,12,4.0722417e+09,1
=,345,78.832664,-6.9876666,28,34.0115,99.4,61,354,-1.6155,2025-08-02,1.3569837e+08,12,5.327564e+09,1
=,345,78.832664,-6.9876666,28,33.2225,50.0,62,354,-1.6253,2025-08-02,1.8129835e+08,12,7.1248333e+09,1
=,345,78.832664,-6.9876666,28,32.1755,25.1,63,354,-1.5457,2025-08-02,1.3898838e+08,12,5.440491e+09,1
=,345,78.832664,-6.9876666,28,29.5375,4.8,64,354,-0.846,2025-08-02,6.6592e+07,12,2.6111063e+09,1
=,345,78.8335,-8.001166,28,34.6875,175.2,65,356,0.9247,2025-08-02,6.466544e+07,12,2.5352522e+09,1
=,345,78.8335,-8.001166,28,34.5155,148.7,66,356,0.1974,2025-08-02,8.0068216e+07,12,3.140589e+09,1
=,345,78.8335,-8.001166,28,33.9445,99.3,67,356,-1.1436,2025-08-02,1.3104258e+08,12,5.1454075e+09,1
=,345,78.8335,-8.001166,28,32.57025,50.0,68,356,-1.6424,2025-08-02,1.5985235e+08,12,6.2765757e+09,1
=,345,78.8335,-8.001166,28,31.60125,25.3,69,356,-1.5311,2025-08-02,1.0068737e+08,12,3.9502385e+09,1
=,345,78.8335,-8.001166,28,29.37125,4.9,70,356,0.8305,2025-08-02,6.36121e+07,12,2.4938048e+09,1
=,345,78.832664,-8.998834,28,34.43325,198.3,71,358,0.0482,2025-08-02,8.322481e+07,12,3.2663923e+09,1
=,345,78.832664,-8.998834,28,34.19525,149.6,72,358,-0.8397,2025-08-02,1.0778383e+08,12,4.2243254e+09,1
=,345,78.832664,-8.998834,28,33.25075,99.6,73,358,-1.3543,2025-08-02,1.3951904e+08,12,5.4724767e+09,1
=,345,78.832664,-8.998834,28,31.49825,50.3,74,358,-1.5363,2025-08-02,9.1916264e+07,12,3.6039816e+09,1
=,345,78.832664,-8.998834,28,31.14525,25.2,75,358,-1.3257,2025-08-02,8.763097e+07,12,3.4372132e+09,1
=,345,78.832664,-8.998834,28,29.52725,5.1,76,358,1.2018,2025-08-02,8.066473e+07,12,3.1577933e+09,1
=,345,78.833,-10.0025,28,34.75025,276.5,77,360,0.8752,2025-08-02,5.8274436e+07,12,2.2805765e+09,1
=,345,78.833,-10.0025,28,34.73625,248.0,78,360,0.8221,2025-08-02,5.9444484e+07,12,2.3257677e+09,1
=,345,78.833,-10.0025,28,34.49425,198.8,79,360,0.1759,2025-08-02,7.410077e+07,12,2.9027318e+09,1
=,345,78.833,-10.0025,28,34.14725,149.2,80,360,-0.787,2025-08-02,9.973101e+07,12,3.911316e+09,1
=,345,78.833,-10.0025,28,32.88325,99.2,81,360,-1.4429,2025-08-02,1.4188446e+08,12,5.567772e+09,1
=,345,78.833,-10.0025,28,31.34125,50.2,82,360,-1.4956,2025-08-02,9.0936424e+07,12,3.5624049e+09,1
=,345,78.833,-10.0025,28,31.10725,24.9,83,360,-1.1629,2025-08-02,8.66918e+07,12,3.3964736e+09,1
=,345,78.833,-10.0025,28,29.52925,5.4,84,360,1.1603,2025-08-02,7.65222e+07,12,2.9998554e+09,1
=,345,78.833664,-10.9975,28,34.7785,313.2,85,363,0.8892,2025-08-03,5.5768336e+07,12,2.1847716e+09,1
=,345,78.833664,-10.9975,28,34.6785,247.2,86,363,0.6221,2025-08-03,6.2187624e+07,12,2.437094e+09,1
=,345,78.833664,-10.9975,28,34.4365,197.7,87,363,0.0325,2025-08-03,7.847186e+07,12,3.0785057e+09,1
=,345,78.833664,-10.9975,28,34.0705,148.1,88,363,-0.7409,2025-08-03,1.0458773e+08,12,4.1048673e+09,1
=,345,78.833664,-10.9975,28,33.0235,99.2,89,363,-1.5446,2025-08-03,1.5368723e+08,12,6.031412e+09,1
=,345,78.833664,-10.9975,28,31.3555,49.5,90,363,-1.4909,2025-08-03,9.362264e+07,12,3.6671631e+09,1
=,345,78.833664,-10.9975,28,31.1085,25.0,91,363,-1.1322,2025-08-03,8.860055e+07,12,3.4707028e+09,1
=,345,78.833664,-10.9975,28,30.3735,4.8,92,363,0.3614,2025-08-03,8.306684e+07,12,3.2580457e+09,1
=,345,78.83517,-11.981167,28,34.2385,181.9,93,364,-0.156,2025-08-03,8.514762e+07,12,3.3407053e+09,1
=,345,78.83517,-11.981167,28,33.9425,148.8,94,364,-0.5902,2025-08-03,9.815237e+07,12,3.8522317e+09,1
=,345,78.83517,-11.981167,28,32.7165,99.1,95,364,-1.5009,2025-08-03,1.3944563e+08,12,5.4711567e+09,1
=,345,78.83517,-11.981167,28,31.3135,50.2,96,364,-1.4628,2025-08-03,9.312631e+07,12,3.6497544e+09,1
=,345,78.83517,-11.981167,28,31.0935,25.4,97,364,-1.4942,2025-08-03,8.866383e+07,12,3.4778076e+09,1
=,345,78.83517,-11.981167,28,30.8125,4.9,98,364,-0.9402,2025-08-03,8.716805e+07,12,3.417315e+09,1
=,345,78.83567,-12.998667,28,34.1995,195.6,99,366,-0.2059,2025-08-03,8.652564e+07,12,3.3866348e+09,1
=,345,78.83567,-12.998667,28,34.0245,149.2,100,366,-0.5204,2025-08-03,9.2649256e+07,12,3.6314394e+09,1
=,345,78.83567,-12.998667,28,32.8315,99.1,101,366,-1.5374,2025-08-03,1.4151162e+08,12,5.020572e+09,1
=,345,78.83567,-12.998667,28,31.2495,49.0,102,366,-1.598,2025-08-03,9.0153784e+07,12,3.5365486e+09,1
=,345,78.83567,-12.998667,28,31.1615,25.5,103,366,-1.5034,2025-08-03,8.745356e+07,12,3.4298348e+09,1
=,345,78.83567,-12.998667,28,31.024,4.8,104,366,-1.404,2025-08-03,8.6414504e+07,12,3.3877752e+09,1
=,345,80.289,-12.972,28,34.4115,169.5,105,387,0.2434,2025-08-06,7.691771e+07,12,3.014464e+09,1
=,345,80.289,-12.972,28,34.2615,148.3,106,387,-0.2978,2025-08-06,8.510095e+07,12,3.3357384e+09,1
=,345,80.289,-12.972,28,33.1185,98.8,107,387,-1.329,2025-08-06,1.2448026e+08,12,4.8828923e+09,1
=,345,80.289,-12.972,28,31.3335,49.2,108,387,-1.6891,2025-08-06,1.0137231e+08,12,3.9798858e+09,1
=,345,80.289,-12.972,28,31.1765,24.7,109,387,-1.6359,2025-08-06,9.224796e+07,12,3.6108987e+09,1
=,345,80.289,-12.972,28,30.9975,5.0,110,387,-1.4417,2025-08-06,9.248328e+07,12,3.6212306e+09,1
=,345,80.4085,-13.4036665,28,34.6745,257.5,111,389,0.6482,2025-08-06,5.978406e+07,12,2.3419692e+09,1
=,345,80.4085,-13.4036665,28,34.6735,247.4,112,389,0.6404,2025-08-06,5.6023584e+07,12,2.2022986e+09,1
=,345,80.4085,-13.4036665,28,34.5455,197.8,113,389,0.4164,2025-08-06,6.879058e+07,12,2.6953905e+09,1
=,345,80.4085,-13.4036665,28,34.2045,148.6,114,389,-0.3461,2025-08-06,8.969929e+07,12,3.519384e+09,1
=,345,80.4085,-13.4036665,28,33.2775,99.8,115,389,-1.1844,2025-08-06,1.212104e+08,12,4.755137e+09,1
=,345,80.4085,-13.4036665,28,31.2945,49.9,116,389,-1.6907,2025-08-06,9.396236e+07,12,3.681326e+09,1
=,345,80.4085,-13.4036665,28,31.162,24.5,117,389,-1.5657,2025-08-06,8.4556296e+07,12,3.3122721e+09,1
=,345,80.4085,-13.4036665,28,30.762,5.4,118,389,-1.2232,2025-08-06,9.206726e+07,12,3.611319e+09,1
=,345,78.833336,-1.0,28,34.907,987.9,119,396,-0.1496,2025-08-10,4.0835884e+07,12,1.5945504e+09,1
=,345,78.833336,-1.0,28,34.9,741.5,120,396,0.321,2025-08-10,5.913592e+07,12,2.3142316e+09,1
=,345,78.833336,-1.0,28,34.905,495.0,121,396,1.2457,2025-08-10,5.3366056e+07,12,2.0887383e+09,1
=,345,78.833336,-1.0,28,34.911,396.2,122,396,1.5738,2025-08-10,5.429355e+07,12,2.1250821e+09,1
=,345,78.833336,-1.0,28,34.966,247.8,123,396,2.6116,2025-08-10,5.6932296e+07,12,2.2273288e+09,1
=,345,78.833336,-1.0,28,34.973,198.3,124,396,2.8458,2025-08-10,5.8279748e+07,12,2.2799212e+09,1
=,345,78.833336,-1.0,28,34.968,148.9,125,396,3.0435,2025-08-10,5.9472056e+07,12,2.325335e+09,1
=,345,78.833336,-1.0,28,34.9545,99.4,126,396,3.2161,2025-08-10,6.3148936e+07,12,2.4724536e+09,1
=,345,78.833336,-1.0,28,34.739,50.0,127,396,2.3685,2025-08-10,7.902038e+07,12,3.0929175e+09,1
=,345,78.833336,-1.0,28,34.801,25.2,128,396,4.6193,2025-08-10,7.3846296e+07,12,2.8944855e+09,1
=,345,78.833336,-1.0,28,34.995,14.6,129,396,6.5424,2025-08-10,6.2103464e+07,12,2.4282186e+09,1
=,345,78.833336,-1.0,28,32.13,4.5,130,396,4.9109,2025-08-10,9.305883e+07,12,3.644319e+09,1
=,345,78.83317,-0.0023333333,28,34.909,987.8,131,399,-0.2298,2025-08-10,4.1548468e+07,12,1.6215814e+09,1
=,345,78.83317,-0.0023333333,28,34.904,740.9,132,399,0.122,2025-08-10,4.444866e+07,12,1.7373617e+09,1
=,345,78.83317,-0.0023333333,28,34.909,494.8,133,399,0.8476,2025-08-10,5.507814e+07,12,2.1557253e+09,1
=,345,78.83317,-0.0023333333,28,34.92,396.3,134,399,1.26,2025-08-10,4.9802628e+07,12,1.9127412e+09,1
=,345,78.83317,-0.0023333333,28,34.977,247.8,135,399,2.4035,2025-08-10,4.772329e+07,12,1.8673225e+09,1
=,345,78.83317,-0.0023333333,28,35.008,198.0,136,399,2.9195,2025-08-10,4.8911092e+07,12,1.9140659e+09,1
=,345,78.83317,-0.0023333333,28,35.011,148.7,137,399,3.2308,2025-08-10,5.3112092e+07,12,2.0780654e+09,1
=,345,78.83317,-0.0023333333,28,35.02,99.3,138,399,3.6167,2025-08-10,5.519444e+07,12,2.1580948e+09,1
=,345,78.83317,-0.0023333333,28,34.997,50.7,139,399,4.507,2025-08-10,5.953802e+07,12,2.3281748e+09,1
=,345,78.83317,-0.0023333333,28,34.622,25.2,140,399,4.6023,2025-08-10,7.702179e+07,12,3.016349e+09,1
=,345,78.83317,-0.0023333333,28,31.657,5.6,141,399,2.861,2025-08-10,9.2862024e+07,12,3.6417718e+09,1
=,345,78.833336,2.0011666,28,34.911,988.1,142,400,-0.2603,2025-08-10,3.1508358e+07,12,1.2294259e+09,1
=,345,78.833336,2.0011666,28,34.904,741.3,143,400,0.0331,2025-08-10,4.112514e+07,12,1.6070694e+09,1
=,345,78.833336,2.0011666,28,34.936,494.3,144,400,0.9938,2025-08-10,4.3907004e+07,12,1.7161892e+09,1
=,345,78.833336,2.0011666,28,34.954,396.3,145,400,1.4402,2025-08-10,4.4442216e+07,12,1.7351539e+09,1
=,345,78.833336,2.0011666,28,34.97,247.9,146,400,2.2894,2025-08-10,4.796708e+07,12,1.8746833e+09,1
=,345,78.833336,2.0011666,28,35.01,149.2,148,400,3.054,2025-08-10,5.0156716e+07,12,1.9646095e+09,1
=,345,78.833336,2.0011666,28,35.013,99.7,149,400,3.389,2025-08-10,5.137619e+07,12,2.0127594e+09,1
=,345,78.833336,2.0011666,28,34.734,50.4,150,400,2.0056,2025-08-10,7.217811e+07,12,2.8253358e+09,1
=,345,78.833336,2.0011666,28,34.439,24.7,151,400,3.0156,2025-08-10,8.020543e+07,12,3.1431196e+09,1
=,345,78.833336,2.0011666,28,29.822,4.7,152,400,1.907,2025-08-10,9.098818e+07,12,3.5647037e+09,1
=,345,78.833336,0.99983335,28,34.906,987.7,153,401,-0.1716,2025-08-11,3.884012e+07,12,1.5195026e+09,1
=,345,78.833336,0.99983335,28,34.892,740.6,154,401,0.1048,2025-08-11,5.8595364e+07,12,2.2961795e+09,1
=,345,78.833336,0.99983335,28,34.8775,494.3,155,401,0.6515,2025-08-11,5.5812948e+07,12,2.1883233e+09,1
=,345,78.833336,0.99983335,28,34.8955,395.3,156,401,1.0951,2025-08-11,5.1463104e+07,12,2.0160532e+09,1
=,345,78.833336,0.99983335,28,34.9165,247.7,157,401,1.898,2025-08-11,5.5194132e+07,12,2.1603443e+09,1
=,345,78.833336,0.99983335,28,34.9215,200.9,158,401,2.1234,2025-08-11,5.642815e+07,12,2.207932e+09,1
=,345,78.833336,0.99983335,28,34.9445,149.1,159,401,2.5957,2025-08-11,5.843812e+07,12,2.2898112e+09,1
=,345,78.833336,0.99983335,28,34.8925,99.4,160,401,2.3278,2025-08-11,6.3090576e+07,12,2.4735488e+09,1
=,345,78.833336,0.99983335,28,34.6615,49.6,161,401,1.8143,2025-08-11,8.0621784e+07,12,3.1561027e+09,1
=,345,78.833336,0.99983335,28,34.1585,24.9,162,401,0.5231,2025-08-11,1.1235231e+08,12,4.40185e+09,1
=,345,78.833336,0.99983335,28,31.3715,5.5,163,401,3.6883,2025-08-11,1.0339495e+08,12,4.0494034e+09,1
=,345,78.833336,6.9971666,28,35.0275,395.9,164,407,3.914,2025-08-12,5.2171484e+07,12,2.0405943e+09,1
=,345,78.833336,6.9971666,28,35.0525,248.3,165,407,4.7915,2025-08-12,5.3606424e+07,12,2.0966095e+09,1
=,345,78.833336,6.9971666,28,35.0705,198.9,166,407,5.2715,2025-08-12,5.322201e+07,12,2.0407835e+09,1
=,345,78.833336,6.9971666,28,35.0895,149.2,167,407,5.8562,2025-08-12,5.677402e+07,12,2.223704e+09,1
=,345,78.833336,6.9971666,28,35.1055,99.3,168,407,6.5072,2025-08-12,5.570597e+07,12,2.1782433e+09,1
=,345,78.833336,6.9971666,28,35.0855,50.2,169,407,7.307,2025-08-12,7.4378264e+07,12,2.915119e+09,1
=,345,78.833336,6.9971666,28,35.0035,25.1,170,407,8.9871,2025-08-12,9.787618e+07,12,3.8388895e+09,1
=,345,78.833336,6.9971666,28,35.0025,5.4,171,407,8.9985,2025-08-12,9.824338e+07,12,3.855935e+09,1
=,345,78.833336,8.0,28,34.9105,998.8,172,415,-0.7385,2025-08-13,7.633791e+06,12,2.5950933e+08,1
=,345,78.833336,8.0,28,35.0235,398.2,173,415,4.0812,2025-08-13,5.412238e+07,12,2.1143044e+09,1
=,345,78.833336,8.0,28,34.9905,247.7,174,415,4.4091,2025-08-13,6.0738056e+07,12,2.378793e+09,1
=,345,78.833336,8.0,28,35.0365,198.3,175,415,5.0673,2025-08-13,5.8675936e+07,12,2.2987922e+09,1
=,345,78.833336,8.0,28,35.0575,148.6,176,415,5.5698,2025-08-13,5.9576428e+07,12,2.330635e+09,1
=,345,78.833336,8.0,28,35.0545,99.1,177,415,6.2536,2025-08-13,6.833433e+07,12,2.6748984e+09,1
=,345,78.833336,8.0,28,35.0525,49.6,178,415,7.573,2025-08-13,7.199259e+07,12,2.818748e+09,1
=,345,78.833336,8.0,28,34.9555,4.9,180,415,9.0145,2025-08-13,9.239202e+07,12,3.6210877e+09,1
=,345,78.833336,7.9993334,28,34.9092,997.4,1,355,-0.7442,2021-08-01,8.796333e+06,9,2.0633134e+08,1
=,345,78.833336,7.9993334,28,34.9092,997.4,1,355,-0.7442,2021-08-01,9.047514e+06,12,2.1222318e+08,1
=,345,78.833336,7.9993334,108,34.9092,997.4,1,355,-0.7442,2021-08-01,406638.84,9,7.6196375e+06,1
=,345,78.833336,7.9993334,108,34.9092,997.4,1,355,-0.7442,2021-08-01,420000.0,12,7.87e+06,1
=,345,78.833336,7.9993334,64,34.9092,997.4,1,355,-0.7442,2021-08-01,1.26489e+14,9,9.031314e+15,1
=,345,78.833336,7.9993334,28,34.9256,741.1,2,355,0.6471,2021-08-01,4.5452716e+07,9,1.0660064e+09,1
=,345,78.833336,7.9993334,28,34.9256,741.1,2,355,0.6471,2021-08-01,4.67422e+07,12,1.0962488e+09,1
=,345,78.833336,7.9993334,108,34.9256,741.1,2,355,0.6471,2021-08-01,833697.5,9,1.3251912e+07,1
=,345,78.833336,7.9993334,108,34.9256,741.1,2,355,0.6471,2021-08-01,860000.0,12,1.367e+07,1
=,345,78.833336,7.9993334,64,34.9256,741.1,2,355,0.6471,2021-08-01,1.26489e+14,9,8.8795276e+15,1
=,345,78.833336,7.9993334,28,34.9429,494.3,3,355,2.4402,2021-08-01,1.0403778e+08,9,2.442147e+09,1
=,345,78.833336,7.9993334,28,34.9429,494.3,3,355,2.4402,2021-08-01,1.0696431e+08,12,2.5108434e+09,1
=,345,78.833336,7.9993334,108,34.9429,494.3,3,355,2.4402,2021-08-01,689165.3,9,1.2327323e+07,1
=,345,78.833336,7.9993334,108,34.9429,494.3,3,355,2.4402,2021-08-01,710000.0,12,1.27e+07,1
=,345,78.833336,7.9993334,64,34.9429,494.3,3,355,2.4402,2021-08-01,1.26489e+14,9,8.7530387e+15,1
=,345,78.833336,7.9993334,28,35.0083,197.9,4,355,3.9227,2021-08-01,1.00586344e+08,9,2.3957153e+09,1
=,345,78.833336,7.9993334,28,35.0083,197.9,4,355,3.9227,2021-08-01,1.0339201e+08,12,2.4625393e+09,1
=,345,78.833336,7.9993334,108,35.0083,197.9,4,355,3.9227,2021-08-01,904027.25,9,1.1995373e+07,1
=,345,78.833336,7.9993334,108,35.0083,197.9,4,355,3.9227,2021-08-01,930000.0,12,1.234e+07,1
=,345,78.833336,7.9993334,64,35.0083,197.9,4,355,3.9227,2021-08-01,1.517868e+14,9,8.5253587e+15,1
=,345,78.833336,7.9993334,28,35.0149,148.6,5,355,4.5288,2021-08-01,1.1229396e+08,9,2.6747515e+09,1
=,345,78.833336,7.9993334,28,35.0149,148.6,5,355,4.5288,2021-08-01,1.1541774e+08,12,2.7491576e+09,1
=,345,78.833336,7.9993334,108,35.0149,148.6,5,355,4.5288,2021-08-01,1.1765334e+06,9,1.2212611e+07,1
=,345,78.833336,7.9993334,108,35.0149,148.6,5,355,4.5288,2021-08-01,1.21e+06,12,1.256e+07,1
=,345,78.833336,7.9993334,64,35.0149,148.6,5,355,4.5288,2021-08-01,1.26489e+14,9,8.980719e+15,1
=,345,78.833336,7.9993334,28,35.0333,98.5,6,355,5.1998,2021-08-01,1.3671368e+08,9,3.2567636e+09,1
=,345,78.833336,7.9993334,28,35.0333,98.5,6,355,5.1998,2021-08-01,1.4050392e+08,12,3.3470536e+09,1
=,345,78.833336,7.9993334,108,35.0333,98.5,6,355,5.1998,2021-08-01,1.0115371e+06,9,1.3461225e+07,1
=,345,78.833336,7.9993334,108,35.0333,98.5,6,355,5.1998,2021-08-01,1.04e+06,12,1.384e+07,1
=,345,78.833336,7.9993334,64,35.0333,98.5,6,355,5.1998,2021-08-01,1.26489e+14,9,9.056613e+15,1
=,345,78.833336,7.9993334,28,35.0036,74.0,7,356,5.5863,2021-08-01,1.5292813e+08,9,3.6432128e+09,1
=,345,78.833336,7.9993334,28,35.0036,74.0,7,356,5.5863,2021-08-01,1.5715926e+08,12,3.7440115e+09,1
=,345,78.833336,7.9993334,108,35.0036,74.0,7,356,5.5863,2021-08-01,430000.0,9,1.129e+07,1
=,345,78.833336,7.9993334,108,35.0036,74.0,7,356,5.5863,2021-08-01,442030.66,12,1.1605875e+07,1
=,345,78.833336,7.9993334,64,35.0036,74.0,7,356,5.5863,2021-08-01,1.26489e+14,9,8.7024434e+15,1
=,345,78.833336,7.9993334,28,35.016,49.5,8,356,6.239,2021-08-01,1.5179598e+08,9,3.6162296e+09,1
=,345,78.833336,7.9993334,28,35.016,49.5,8,356,6.239,2021-08-01,1.55983e+08,12,3.7159772e+09,1
=,345,78.833336,7.9993334,108,35.016,49.5,8,356,6.239,2021-08-01,1.24539e+06,9,1.2852813e+07,1
=,345,78.833336,7.9993334,108,35.016,49.5,8,356,6.239,2021-08-01,1.28e+06,12,1.321e+07,1
=,345,78.833336,7.9993334,64,35.016,49.5,8,356,6.239,2021-08-01,1.011912e+14,9,9.006017e+15,1
=,345,78.833336,7.9993334,28,34.9399,24.7,9,356,6.4419,2021-08-01,1.6594547e+08,9,3.9534636e+09,1
=,345,78.833336,7.9993334,28,34.9399,24.7,9,356,6.4419,2021-08-01,1.7050832e+08,12,4.062168e+09,1
=,345,78.833336,7.9993334,108,34.9399,24.7,9,356,6.4419,2021-08-01,640000.0,9,1.306e+07,1
=,345,78.833336,7.9993334,108,34.9399,24.7,9,356,6.4419,2021-08-01,657663.56,12,1.3420447e+07,1
=,345,78.833336,7.9993334,64,34.9399,24.7,9,356,6.4419,2021-08-01,1.26489e+14,9,8.8289323e+15,1
=,345,78.833336,7.9993334,28,34.9425,5.0,10,356,6.6358,2021-08-01,1.6345382e+08,9,3.8940782e+09,1
=,345,78.833336,7.9993334,28,34.9425,5.0,10,356,6.6358,2021-08-01,1.6793802e+08,12,4.0009088e+09,1
=,345,78.833336,7.9993334,108,34.9425,5.0,10,356,6.6358,2021-08-01,1.02194256e+06,9,1.316846e+07,1
=,345,78.833336,7.9993334,108,34.9425,5.0,10,356,6.6358,2021-08-01,1.05e+06,12,1.353e+07,1
=,345,78.833336,7.9993334,64,34.9425,5.0,10,356,6.6358,2021-08-01,1.517868e+14,9,8.9048255e+15,1
=,345,78.833336,1.9993334,28,34.9563,395.5,11,365,1.7244,2021-08-02,7.9136904e+07,9,1.8572399e+09,1
=,345,78.833336,1.9993334,28,34.9563,395.5,11,365,1.7244,2021-08-02,8.136456e+07,12,1.9095203e+09,1
=,345,78.833336,1.9993334,28,34.936,198.0,12,365,2.1459,2021-08-02,1.0261252e+08,9,2.4086687e+09,1
=,345,78.833336,1.9993334,28,34.936,198.0,12,365,2.1459,2021-08-02,1.0548617e+08,12,2.4761231e+09,1
=,345,78.833336,1.9993334,28,34.9307,148.1,13,365,2.2768,2021-08-02,1.0791694e+08,9,2.5332662e+09,1
=,345,78.833336,1.9993334,28,34.9307,148.1,13,365,2.2768,2021-08-02,1.10935176e+08,12,2.6041167e+09,1
=,345,78.833336,1.9993334,28,34.8333,99.3,14,365,1.7625,2021-08-02,1.10002696e+08,9,2.5822592e+09,1
=,345,78.833336,1.9993334,28,34.8333,99.3,14,365,1.7625,2021-08-02,1.130724e+08,12,2.654319e+09,1
=,345,78.833336,1.9993334,28,34.7292,74.4,15,365,1.3694,2021-08-02,1.2581401e+08,9,2.9969843e+09,1
=,345,78.833336,1.9993334,28,34.7292,74.4,15,365,1.3694,2021-08-02,1.293155e+08,12,3.0803927e+09,1
=,345,78.833336,1.9993334,28,34.4755,50.1,16,365,-0.1734,2021-08-02,1.5412322e+08,9,3.6716964e+09,1
=,345,78.833336,1.9993334,28,34.4755,50.1,16,365,-0.1734,2021-08-02,1.5839872e+08,12,3.7735519e+09,1
=,345,78.833336,1.9993334,28,34.3012,24.6,17,365,-0.1897,2021-08-02,1.5272669e+08,9,3.6384118e+09,1
=,345,78.833336,1.9993334,28,34.3012,24.6,17,365,-0.1897,2021-08-02,1.569237e+08,12,3.7383974e+09,1
=,345,78.833336,1.9993334,28,33.3457,5.1,18,365,0.2987,2021-08-02,1.5269163e+08,9,3.6375764e+09,1
=,345,78.833336,1.9993334,28,33.3457,5.1,18,365,0.2987,2021-08-02,1.5669078e+08,12,3.732848e+09,1
=,345,78.833336,1.9993334,108,33.3457,5.1,18,365,0.2987,2021-08-02,530000.0,9,1.329e+07,1
=,345,78.833336,1.9993334,108,33.3457,5.1,18,365,0.2987,2021-08-02,543893.0,12,1.3638373e+07,1
=,345,78.833336,1.9993334,64,33.3457,5.1,18,365,0.2987,2021-08-02,1.517868e+14,9,8.095296e+15,1
=,345,78.833336,1.0,28,34.9303,395.7,19,366,0.9453,2021-08-03,7.028294e+07,9,1.6492645e+09,1
=,345,78.833336,1.0,28,34.9303,395.7,19,366,0.9453,2021-08-03,7.226408e+07,12,1.695754e+09,1
=,345,78.833336,1.0,28,34.9622,198.1,20,366,1.998,2021-08-03,7.724412e+07,9,1.8127794e+09,1
=,345,78.833336,1.0,28,34.9622,198.1,20,366,1.998,2021-08-03,7.94101e+07,12,1.8636111e+09,1
=,345,78.833336,1.0,28,34.9517,148.8,21,366,2.1266,2021-08-03,9.72969e+07,9,2.283808e+09,1
=,345,78.833336,1.0,28,34.9517,148.8,21,366,2.1266,2021-08-03,1.00020296e+08,12,2.3477332e+09,1
=,345,78.833336,1.0,28,34.9685,99.3,22,366,2.5314,2021-08-03,9.32494e+07,9,2.220848e+09,1
=,345,78.833336,1.0,28,34.9685,99.3,22,366,2.5314,2021-08-03,9.5855704e+07,12,2.2829204e+09,1
=,345,78.833336,1.0,28,34.9517,74.4,23,366,2.5559,2021-08-03,9.959405e+07,9,2.3720653e+09,1
=,345,78.833336,1.0,28,34.9517,74.4,23,366,2.5559,2021-08-03,1.0237494e+08,12,2.4382986e+09,1
=,345,78.833336,1.0,28,34.884,49.6,24,366,2.7553,2021-08-03,1.13681304e+08,9,2.7078172e+09,1
=,345,78.833336,1.0,28,34.884,49.6,24,366,2.7553,2021-08-03,1.1684619e+08,12,2.7832028e+09,1
=,345,78.833336,1.0,28,34.6137,24.8,25,366,2.8768,2021-08-03,1.264015e+08,9,3.0109865e+09,1
=,345,78.833336,1.0,28,34.6137,24.8,25,366,2.8768,2021-08-03,1.2987604e+08,12,3.0937528e+09,1
=,345,78.833336,1.0,28,33.5224,5.3,26,366,2.5812,2021-08-03,1.4910075e+08,9,3.5519926e+09,1
=,345,78.833336,1.0,28,33.5224,5.3,26,366,2.5812,2021-08-03,1.5304603e+08,12,3.6459802e+09,1
=,345,78.83417,0.007166667,28,34.9798,197.9,27,368,2.5442,2021-08-03,8.591111e+07,9,2.0163626e+09,1
=,345,78.83417,0.007166667,28,34.9798,197.9,27,368,2.5442,2021-08-03,8.831691e+07,12,2.0728275e+09,1
=,345,78.83417,0.007166667,108,34.9798,197.9,27,368,2.5442,2021-08-03,709532.2,9,1.2810458e+07,1
=,345,78.83417,0.007166667,108,34.9798,197.9,27,368,2.5442,2021-08-03,730000.0,12,1.318e+07,1
=,345,78.83417,0.007166667,64,34.9798,197.9,27,368,2.5442,2021-08-03,1.26489e+14,9,8.980719e+15,1
=,345,78.83417,0.007166667,28,34.9744,148.5,28,368,2.7654,2021-08-03,9.906965e+07,9,2.3595668e+09,1
=,345,78.83417,0.007166667,28,34.9744,148.5,28,368,2.7654,2021-08-03,1.0183941e+08,12,2.4255347e+09,1
=,345,78.83417,0.007166667,28,34.9654,99.2,29,368,3.0528,2021-08-03,9.9125736e+07,9,2.3609037e+09,1
=,345,78.83417,0.007166667,28,34.9654,99.2,29,368,3.0528,2021-08-03,1.0189143e+08,12,2.4267748e+09,1
=,345,78.83417,0.007166667,108,34.9654,99.2,29,368,3.0528,2021-08-03,758516.7,9,1.36533e+07,1
=,345,78.83417,0.007166667,108,34.9654,99.2,29,368,3.0528,2021-08-03,780000.0,12,1.404e+07,1
=,345,78.83417,0.007166667,64,34.9654,99.2,29,368,3.0528,2021-08-03,1.26489e+14,9,9.08191e+15,1
=,345,78.83417,0.007166667,28,34.8798,74.3,30,368,2.7296,2021-08-03,1.1102146e+08,9,2.644423e+09,1
=,345,78.83417,0.007166667,28,34.8798,74.3,30,368,2.7296,2021-08-03,1.1411356e+08,12,2.7180739e+09,1
=,345,78.83417,0.007166667,28,34.8375,49.5,31,368,3.1154,2021-08-03,1.2636645e+08,9,3.010151e+09,1
=,345,78.83417,0.007166667,28,34.8375,49.5,31,368,3.1154,2021-08-03,1.2987535e+08,12,3.093736e+09,1
=,345,78.83417,0.007166667,108,34.8375,49.5,31,368,3.1154,2021-08-03,875504.44,9,1.3366035e+07,1
=,345,78.83417,0.007166667,108,34.8375,49.5,31,368,3.1154,2021-08-03,900000.0,12,1.374e+07,1
=,345,78.83417,0.007166667,64,34.8375,49.5,31,368,3.1154,2021-08-03,1.011912e+14,9,9.006017e+15,1
=,345,78.83417,0.007166667,28,34.5782,25.2,32,368,2.8187,2021-08-03,1.3896328e+08,9,3.3103795e+09,1
=,345,78.83417,0.007166667,28,34.5782,25.2,32,368,2.8187,2021-08-03,1.428038e+08,12,3.4018685e+09,1
=,345,78.83417,0.007166667,28,33.1027,5.6,33,368,2.6028,2021-08-03,1.539143e+08,9,3.666717e+09,1
=,345,78.83417,0.007166667,28,33.1027,5.6,33,368,2.6028,2021-08-03,1.5794299e+08,12,3.7626929e+09,1
=,345,78.83417,0.007166667,108,33.1027,5.6,33,368,2.6028,2021-08-03,993959.3,9,1.246347e+07,1
=,345,78.83417,0.007166667,108,33.1027,5.6,33,368,2.6028,2021-08-03,1.02e+06,12,1.279e+07,1
=,345,78.83417,0.007166667,64,33.1027,5.6,33,368,2.6028,2021-08-03,1.26489e+14,9,8.5253587e+15,1
=,345,78.833336,-1.0,28,34.8709,395.5,34,370,1.1487,2021-08-03,8.5757464e+07,9,2.0127535e+09,1
=,345,78.833336,-1.0,28,34.8709,395.5,34,370,1.1487,2021-08-03,8.787473e+07,12,2.0624463e+09,1
=,345,78.833336,-1.0,108,34.8709,395.5,34,370,1.1487,2021-08-03,980754.4,9,2.0382212e+07,1
=,345,78.833336,-1.0,108,34.8709,395.5,34,370,1.1487,2021-08-03,1.01e+06,12,2.099e+07,1
=,345,78.833336,-1.0,64,34.8709,395.5,34,370,1.1487,2021-08-03,1.26489e+14,9,9.056613e+15,1
=,345,78.833336,-1.0,28,34.9404,198.2,35,370,2.4331,2021-08-03,1.1246145e+08,9,2.6787436e+09,1
=,345,78.833336,-1.0,28,34.9404,198.2,35,370,2.4331,2021-08-03,1.1524326e+08,12,2.745004e+09,1
=,345,78.833336,-1.0,108,34.9404,198.2,35,370,2.4331,2021-08-03,680382.4,9,1.3150819e+07,1
=,345,78.833336,-1.0,108,34.9404,198.2,35,370,2.4331,2021-08-03,700000.0,12,1.353e+07,1
=,345,78.833336,-1.0,64,34.9404,198.2,35,370,2.4331,2021-08-03,1.26489e+14,9,8.9048255e+15,1
=,345,78.833336,-1.0,28,34.8543,148.4,36,370,1.962,2021-08-03,1.1456746e+08,9,2.7289375e+09,1
=,345,78.833336,-1.0,28,34.8543,148.4,36,370,1.962,2021-08-03,1.17395816e+08,12,2.7963077e+09,1
=,345,78.833336,-1.0,28,34.4842,99.1,37,370,-0.0213,2021-08-03,1.6049315e+08,9,3.823515e+09,1
=,345,78.833336,-1.0,28,34.4842,99.1,37,370,-0.0213,2021-08-03,1.6440874e+08,12,3.916798e+09,1
=,345,78.833336,-1.0,108,34.4842,99.1,37,370,-0.0213,2021-08-03,1.4588818e+06,9,2.1007898e+07,1
=,345,78.833336,-1.0,108,34.4842,99.1,37,370,-0.0213,2021-08-03,1.5e+06,12,2.16e+07,1
=,345,78.833336,-1.0,64,34.4842,99.1,37,370,-0.0213,2021-08-03,1.26489e+14,9,9.006017e+15,1
=,345,78.833336,-1.0,28,34.2214,74.1,38,370,-1.4826,2021-08-03,1.9197126e+08,9,4.573752e+09,1
=,345,78.833336,-1.0,28,34.2214,74.1,38,370,-1.4826,2021-08-03,1.9661562e+08,12,4.6844047e+09,1
=,345,78.833336,-1.0,28,34.0305,49.2,39,370,-1.666,2021-08-03,2.4087245e+08,9,5.7392425e+09,1
=,345,78.833336,-1.0,28,34.0305,49.2,39,370,-1.666,2021-08-03,2.4666773e+08,12,5.877326e+09,1
=,345,78.833336,-1.0,108,34.0305,49.2,39,370,-1.666,2021-08-03,992543.44,9,2.1641338e+07,1
=,345,78.833336,-1.0,108,34.0305,49.2,39,370,-1.666,2021-08-03,1.02e+06,12,2.224e+07,1
=,345,78.833336,-1.0,64,34.0305,49.2,39,370,-1.666,2021-08-03,1.517868e+14,9,8.8036344e+15,1
=,345,78.833336,-1.0,28,33.5539,25.6,40,370,-1.5445,2021-08-03,2.70762e+08,9,6.451617e+09,1
=,345,78.833336,-1.0,28,33.5539,25.6,40,370,-1.5445,2021-08-03,2.7720896e+08,12,6.6052337e+09,1
=,345,78.833336,-1.0,28,31.8982,5.6,41,370,-0.6127,2021-08-03,1.7418368e+08,9,4.1498094e+09,1
=,345,78.833336,-1.0,28,31.8982,5.6,41,370,-0.6127,2021-08-03,1.7816123e+08,12,4.2445724e+09,1
=,345,78.833336,-1.0,108,31.8982,5.6,41,370,-0.6127,2021-08-03,1.3156376e+06,9,1.7044816e+07,1
=,345,78.833336,-1.0,108,31.8982,5.6,41,370,-0.6127,2021-08-03,1.35e+06,12,1.749e+07,1
=,345,78.833336,-1.0,64,31.8982,5.6,41,370,-0.6127,2021-08-03,1.517868e+14,9,8.297678e+15,1
=,345,78.833336,-2.0,28,34.8953,395.1,42,372,1.4414,2021-08-03,9.322231e+07,9,2.1880986e+09,1
=,345,78.833336,-2.0,28,34.8953,395.1,42,372,1.4414,2021-08-03,9.552558e+07,12,2.2421604e+09,1
=,345,78.833336,-2.0,28,34.9302,197.9,43,372,2.2722,2021-08-03,1.0584056e+08,9,2.520943e+09,1
=,345,78.833336,-2.0,28,34.9302,197.9,43,372,2.2722,2021-08-03,1.0845822e+08,12,2.5832914e+09,1
=,345,78.833336,-2.0,28,34.8274,148.5,44,372,1.8033,2021-08-03,1.1022925e+08,9,2.625542e+09,1
=,345,78.833336,-2.0,28,34.8274,148.5,44,372,1.8033,2021-08-03,1.1295248e+08,12,2.6904064e+09,1
=,345,78.833336,-2.0,28,34.5611,98.9,45,372,0.619,2021-08-03,1.4482142e+08,9,3.4500004e+09,1
=,345,78.833336,-2.0,28,34.5611,98.9,45,372,0.619,2021-08-03,1.4836877e+08,12,3.5345073e+09,1
=,345,78.833336,-2.0,28,33.6985,24.6,48,372,-1.5966,2021-08-03,2.8011008e+08,9,6.6744156e+09,1
=,345,78.833336,-2.0,28,33.6985,24.6,48,372,-1.5966,2021-08-03,2.8677805e+08,12,6.833299e+09,1
=,345,78.833336,-2.0,28,31.8512,4.7,49,372,-1.1031,2021-08-03,1.8900013e+08,9,4.502939e+09,1
=,345,78.833336,-2.0,28,31.8512,4.7,49,372,-1.1031,2021-08-03,1.931431e+08,12,4.6016456e+09,1
=,345,78.833336,-3.004,108,34.8975,987.1,50,374,-0.0328,2021-08-04,571293.44,9,1.6490047e+07,1
=,345,78.833336,-3.004,108,34.8975,987.1,50,374,-0.0328,2021-08-04,590000.0,12,1.703e+07,1
=,345,78.833336,-3.004,64,34.8975,987.1,50,374,-0.0328,2021-08-04,1.011912e+14,9,9.006017e+15,1
=,345,78.833336,-3.004,108,34.898,741.0,51,374,0.4682,2021-08-04,930650.25,9,1.7439998e+07,1
=,345,78.833336,-3.004,108,34.898,741.0,51,374,0.4682,2021-08-04,960000.0,12,1.799e+07,1
=,345,78.833336,-3.004,64,34.898,741.0,51,374,0.4682,2021-08-04,1.26489e+14,9,8.9048255e+15,1
=,345,78.833336,-3.004,28,34.8888,494.4,52,374,1.0246,2021-08-04,8.248577e+07,9,1.9205864e+09,1
=,345,78.833336,-3.004,28,34.8888,494.4,52,374,1.0246,2021-08-04,8.4524024e+07,12,1.9680447e+09,1
=,345,78.833336,-3.004,28,34.8885,395.4,53,374,1.3175,2021-08-04,9.02923e+07,9,2.1503693e+09,1
=,345,78.833336,-3.004,28,34.8885,395.4,53,374,1.3175,2021-08-04,9.252246e+07,12,2.203482e+09,1
=,345,78.833336,-3.004,108,34.8885,395.4,53,374,1.3175,2021-08-04,621468.8,9,1.9304374e+07,1
=,345,78.833336,-3.004,108,34.8885,395.4,53,374,1.3175,2021-08-04,640000.0,12,1.988e+07,1
=,345,78.833336,-3.004,64,34.8885,395.4,53,374,1.3175,2021-08-04,1.770846e+14,9,8.9554213e+15,1
=,345,78.833336,-3.004,28,34.9008,198.3,54,374,2.0197,2021-08-04,1.0932316e+08,9,2.5856404e+09,1
=,345,78.833336,-3.004,28,34.9008,198.3,54,374,2.0197,2021-08-04,1.12025944e+08,12,2.6495652e+09,1
=,345,78.833336,-3.004,108,34.9008,198.3,54,374,2.0197,2021-08-04,826175.94,9,1.5036402e+07,1
=,345,78.833336,-3.004,108,34.9008,198.3,54,374,2.0197,2021-08-04,850000.0,12,1.547e+07,1
=,345,78.833336,-3.004,64,34.9008,198.3,54,374,2.0197,2021-08-04,1.770846e+14,9,9.006017e+15,1
=,345,78.833336,-3.004,28,34.7799,148.9,55,374,1.4678,2021-08-04,1.1598948e+08,9,2.7434076e+09,1
=,345,78.833336,-3.004,28,34.7799,148.9,55,374,1.4678,2021-08-04,1.1884397e+08,12,2.8109225e+09,1
=,345,78.833336,-3.004,108,34.7799,148.9,55,374,1.4678,2021-08-04,826401.94,9,1.6955822e+07,1
=,345,78.833336,-3.004,108,34.7799,148.9,55,374,1.4678,2021-08-04,850000.0,12,1.744e+07,1
=,345,78.833336,-3.004,64,34.7799,148.9,55,374,1.4678,2021-08-04,1.517868e+14,9,9.006017e+15,1
=,345,78.833336,-3.004,28,34.4689,99.7,56,374,-0.2517,2021-08-04,1.6725568e+08,9,3.9846904e+09,1
=,345,78.833336,-3.004,28,34.4689,99.7,56,374,-0.2517,2021-08-04,1.7133179e+08,12,4.0817994e+09,1
=,345,78.833336,-3.004,108,34.4689,99.7,56,374,-0.2517,2021-08-04,1.731221e+06,9,2.4402436e+07,1
=,345,78.833336,-3.004,108,34.4689,99.7,56,374,-0.2517,2021-08-04,1.78e+06,12,2.509e+07,1
=,345,78.833336,-3.004,64,34.4689,99.7,56,374,-0.2517,2021-08-04,1.517868e+14,9,8.8795276e+15,1
=,345,78.833336,-3.004,108,34.2295,74.4,57,374,-0.8389,2021-08-04,1.4787174e+06,9,2.5498146e+07,1
=,345,78.833336,-3.004,108,34.2295,74.4,57,374,-0.8389,2021-08-04,1.52e+06,12,2.621e+07,1
=,345,78.833336,-3.004,64,34.2295,74.4,57,374,-0.8389,2021-08-04,1.011912e+14,9,8.85423e+15,1
=,345,78.833336,-3.004,28,34.0688,49.7,58,374,-1.3764,2021-08-04,2.1598298e+08,9,5.146037e+09,1
=,345,78.833336,-3.004,28,34.0688,49.7,58,374,-1.3764,2021-08-04,2.2117483e+08,12,5.269739e+09,1
=,345,78.833336,-3.004,108,34.0688,49.7,58,374,-1.3764,2021-08-04,1.3234212e+06,9,2.0639532e+07,1
=,345,78.833336,-3.004,108,34.0688,49.7,58,374,-1.3764,2021-08-04,1.36e+06,12,2.121e+07,1
=,345,78.833336,-3.004,64,34.0688,49.7,58,374,-1.3764,2021-08-04,1.517868e+14,9,8.575954e+15,1
=,345,78.833336,-3.004,28,33.6822,25.0,59,374,-1.4268,2021-08-04,2.3079538e+08,9,5.5353585e+09,1
=,345,78.833336,-3.004,28,33.6822,25.0,59,374,-1.4268,2021-08-04,2.3629077e+08,12,5.667159e+09,1
=,345,78.833336,-3.004,108,33.6822,25.0,59,374,-1.4268,2021-08-04,1.4893769e+06,9,2.16203e+07,1
=,345,78.833336,-3.004,108,33.6822,25.0,59,374,-1.4268,2021-08-04,1.53e+06,12,2.221e+07,1
=,345,78.833336,-3.004,64,33.6822,25.0,59,374,-1.4268,2021-08-04,1.770846e+14,9,8.575954e+15,1
=,345,78.833336,-3.004,28,31.3313,4.7,60,374,-0.8848,2021-08-04,2.0086914e+08,9,4.8174034e+09,1
=,345,78.833336,-3.004,28,31.3313,4.7,60,374,-0.8848,2021-08-04,2.0522318e+08,12,4.9218253e+09,1
=,345,78.833336,-3.004,108,31.3313,4.7,60,374,-0.8848,2021-08-04,965960.0,9,1.6099333e+07,1
=,345,78.833336,-3.004,108,31.3313,4.7,60,374,-0.8848,2021-08-04,990000.0,12,1.65e+07,1
=,345,78.833336,-3.004,64,31.3313,4.7,60,374,-0.8848,2021-08-04,2.023824e+14,9,7.7664245e+15,1
=,345,78.81817,-4.0286665,28,34.8966,987.2,61,377,-0.03,2021-08-04,8.208138e+07,9,1.9111624e+09,1
=,345,78.81817,-4.0286665,28,34.8966,987.2,61,377,-0.03,2021-08-04,8.411195e+07,12,1.9584419e+09,1
=,345,78.81817,-4.0286665,108,34.8966,987.2,61,377,-0.03,2021-08-04,1.0360733e+06,9,1.722593e+07,1
=,345,78.81817,-4.0286665,108,34.8966,987.2,61,377,-0.03,2021-08-04,1.07e+06,12,1.779e+07,1
=,345,78.81817,-4.0286665,64,34.8966,987.2,61,377,-0.03,2021-08-04,1.26489e+14,9,8.980719e+15,1
=,345,78.81817,-4.0286665,28,34.8794,741.0,62,377,0.2755,2021-08-04,7.2523144e+07,9,1.7268614e+09,1
=,345,78.81817,-4.0286665,28,34.8794,741.0,62,377,0.2755,2021-08-04,7.431547e+07,12,1.7695388e+09,1
=,345,78.81817,-4.0286665,108,34.8794,741.0,62,377,0.2755,2021-08-04,707680.5,9,2.2248312e+07,1
=,345,78.81817,-4.0286665,108,34.8794,741.0,62,377,0.2755,2021-08-04,730000.0,12,2.295e+07,1
=,345,78.81817,-4.0286665,64,34.8794,741.0,62,377,0.2755,2021-08-04,1.770846e+14,9,8.9554213e+15,1
=,345,78.81817,-4.0286665,28,34.9015,494.5,63,377,1.1746,2021-08-04,8.472164e+07,9,2.0175991e+09,1
=,345,78.81817,-4.0286665,28,34.9015,494.5,63,377,1.1746,2021-08-04,8.6815256e+07,12,2.0674575e+09,1
=,345,78.81817,-4.0286665,28,34.878,395.0,64,377,1.2314,2021-08-04,8.661171e+07,9,2.0626468e+09,1
=,345,78.81817,-4.0286665,28,34.878,395.0,64,377,1.2314,2021-08-04,8.875044e+07,12,2.1135804e+09,1
=,345,78.81817,-4.0286665,108,34.878,395.0,64,377,1.2314,2021-08-04,961337.25,9,1.9828794e+07,1
=,345,78.81817,-4.0286665,108,34.878,395.0,64,377,1.2314,2021-08-04,990000.0,12,2.042e+07,1
=,345,78.81817,-4.0286665,64,34.878,395.0,64,377,1.2314,2021-08-04,1.011912e+14,9,8.980719e+15,1
=,345,78.81817,-4.0286665,28,34.8265,197.4,65,377,1.519,2021-08-04,1.132186e+08,9,2.6967892e+09,1
=,345,78.81817,-4.0286665,28,34.8265,197.4,65,377,1.519,2021-08-04,1.1601222e+08,12,2.7633313e+09,1
=,345,78.81817,-4.0286665,108,34.8265,197.4,65,377,1.519,2021-08-04,1.2830228e+06,9,1.6961172e+07,1
=,345,78.81817,-4.0286665,108,34.8265,197.4,65,377,1.519,2021-08-04,1.32e+06,12,1.745e+07,1
=,345,78.81817,-4.0286665,64,34.8265,197.4,65,377,1.519,2021-08-04,1.26489e+14,9,9.107208e+15,1
=,345,78.81817,-4.0286665,28,34.6902,148.3,66,377,1.1011,2021-08-04,1.3713347e+08,9,3.266769e+09,1
=,345,78.81817,-4.0286665,28,34.6902,148.3,66,377,1.1011,2021-08-04,1.4050354e+08,12,3.3470497e+09,1
=,345,78.81817,-4.0286665,108,34.6902,148.3,66,377,1.1011,2021-08-04,1.2153376e+06,9,1.735502e+07,1
=,345,78.81817,-4.0286665,108,34.6902,148.3,66,377,1.1011,2021-08-04,1.25e+06,12,1.785e+07,1
=,345,78.81817,-4.0286665,64,34.6902,148.3,66,377,1.1011,2021-08-04,1.517868e+14,9,8.1458913e+15,1
=,345,78.81817,-4.0286665,28,34.2379,99.3,67,377,-1.1703,2021-08-04,1.6861576e+08,9,4.0171062e+09,1
=,345,78.81817,-4.0286665,28,34.2379,99.3,67,377,-1.1703,2021-08-04,1.7270859e+08,12,4.1146138e+09,1
=,345,78.81817,-4.0286665,108,34.2379,99.3,67,377,-1.1703,2021-08-04,817046.6,9,1.775131e+07,1
=,345,78.81817,-4.0286665,108,34.2379,99.3,67,377,-1.1703,2021-08-04,840000.0,12,1.825e+07,1
=,345,78.81817,-4.0286665,64,34.2379,99.3,67,377,-1.1703,2021-08-04,1.517868e+14,9,8.069998e+15,1
=,345,78.81817,-4.0286665,28,33.9578,74.2,68,377,-1.5714,2021-08-04,2.2406915e+08,9,5.3387597e+09,1
=,345,78.81817,-4.0286665,28,33.9578,74.2,68,377,-1.5714,2021-08-04,2.2946512e+08,12,5.467326e+09,1
=,345,78.81817,-4.0286665,108,33.9578,74.2,68,377,-1.5714,2021-08-04,904838.25,9,2.1414504e+07,1
=,345,78.81817,-4.0286665,108,33.9578,74.2,68,377,-1.5714,2021-08-04,930000.0,12,2.201e+07,1
=,345,78.81817,-4.0286665,64,33.9578,74.2,68,377,-1.5714,2021-08-04,1.26489e+14,9,8.8289323e+15,1
=,345,78.81817,-4.0286665,28,33.4548,49.5,69,377,-1.589,2021-08-04,2.8016592e+08,9,6.719797e+09,1
=,345,78.81817,-4.0286665,28,33.4548,49.5,69,377,-1.589,2021-08-04,2.8678435e+08,12,6.8785413e+09,1
=,345,78.81817,-4.0286665,108,33.4548,49.5,69,377,-1.589,2021-08-04,652258.5,9,2.2167054e+07,1
=,345,78.81817,-4.0286665,108,33.4548,49.5,69,377,-1.589,2021-08-04,670000.0,12,2.277e+07,1
=,345,78.81817,-4.0286665,64,33.4548,49.5,69,377,-1.589,2021-08-04,1.517868e+14,9,8.120594e+15,1
=,345,78.81817,-4.0286665,28,32.7544,24.9,70,377,-1.5546,2021-08-04,2.1005752e+08,9,5.0048123e+09,1
=,345,78.81817,-4.0286665,28,32.7544,24.9,70,377,-1.5546,2021-08-04,2.1493317e+08,12,5.120979e+09,1
=,345,78.81817,-4.0286665,108,32.7544,24.9,70,377,-1.5546,2021-08-04,1.04223675e+06,9,1.9773278e+07,1
=,345,78.81817,-4.0286665,108,32.7544,24.9,70,377,-1.5546,2021-08-04,1.07e+06,12,2.03e+07,1
=,345,78.81817,-4.0286665,64,32.7544,24.9,70,377,-1.5546,2021-08-04,1.770846e+14,9,7.9182114e+15,1
=,345,78.81817,-4.0286665,28,30.1343,5.1,71,377,-1.2607,2021-08-04,2.1765995e+08,9,5.1860055e+09,1
=,345,78.81817,-4.0286665,28,30.1343,5.1,71,377,-1.2607,2021-08-04,2.2223634e+08,12,5.2950436e+09,1
=,345,78.81817,-4.0286665,108,30.1343,5.1,71,377,-1.2607,2021-08-04,556526.3,9,1.8560642e+07,1
=,345,78.81817,-4.0286665,108,30.1343,5.1,71,377,-1.2607,2021-08-04,570000.0,12,1.901e+07,1
=,345,78.81817,-4.0286665,64,30.1343,5.1,71,377,-1.2607,2021-08-04,1.517868e+14,9,7.462851e+15,1
=,345,78.8385,-4.990667,28,34.8632,395.6,72,380,0.9381,2021-08-05,7.261007e+07,9,1.7289334e+09,1
=,345,78.8385,-4.990667,28,34.8632,395.6,72,380,0.9381,2021-08-05,7.44022e+07,12,1.771606e+09,1
=,345,78.8385,-4.990667,108,34.8632,395.6,72,380,0.9381,2021-08-05,631170.3,9,2.2304588e+07,1
=,345,78.8385,-4.990667,108,34.8632,395.6,72,380,0.9381,2021-08-05,650000.0,12,2.297e+07,1
=,345,78.8385,-4.990667,64,34.8632,395.6,72,380,0.9381,2021-08-05,1.517868e+14,9,8.727741e+15,1
=,345,78.8385,-4.990667,28,34.7285,197.8,73,380,1.201,2021-08-05,1.1755962e+08,9,2.8002516e+09,1
=,345,78.8385,-4.990667,28,34.7285,197.8,73,380,1.201,2021-08-05,1.2045053e+08,12,2.8691128e+09,1
=,345,78.8385,-4.990667,108,34.7285,197.8,73,380,1.201,2021-08-05,845664.8,9,2.1860922e+07,1
=,345,78.8385,-4.990667,108,34.7285,197.8,73,380,1.201,2021-08-05,870000.0,12,2.249e+07,1
=,345,78.8385,-4.990667,64,34.7285,197.8,73,380,1.201,2021-08-05,1.26489e+14,9,8.980719e+15,1
=,345,78.8385,-4.990667,28,34.3163,148.5,74,380,-0.6585,2021-08-05,1.7025275e+08,9,4.0561216e+09,1
=,345,78.8385,-4.990667,28,34.3163,148.5,74,380,-0.6585,2021-08-05,1.7438286e+08,12,4.1545178e+09,1
=,345,78.8385,-4.990667,108,34.3163,148.5,74,380,-0.6585,2021-08-05,1.3322799e+06,9,2.330031e+07,1
=,345,78.8385,-4.990667,108,34.3163,148.5,74,380,-0.6585,2021-08-05,1.37e+06,12,2.396e+07,1
=,345,78.8385,-4.990667,64,34.3163,148.5,74,380,-0.6585,2021-08-05,1.011912e+14,9,8.9048255e+15,1
=,345,78.8385,-4.990667,28,33.7855,99.0,75,380,-1.7656,2021-08-05,2.4134106e+08,9,5.7504113e+09,1
=,345,78.8385,-4.990667,28,33.7855,99.0,75,380,-1.7656,2021-08-05,2.4711443e+08,12,5.887973e+09,1
=,345,78.8385,-4.990667,108,33.7855,99.0,75,380,-1.7656,2021-08-05,1.0800221e+06,9,2.4110762e+07,1
=,345,78.8385,-4.990667,108,33.7855,99.0,75,380,-1.7656,2021-08-05,1.11e+06,12,2.478e+07,1
=,345,78.8385,-4.990667,64,33.7855,99.0,75,380,-1.7656,2021-08-05,1.011912e+14,9,8.7530387e+15,1
=,345,78.8385,-4.990667,28,33.3569,74.4,76,380,-1.6074,2021-08-05,2.735645e+08,9,6.5184113e+09,1
=,345,78.8385,-4.990667,28,33.3569,74.4,76,380,-1.6074,2021-08-05,2.8001114e+08,12,6.6720195e+09,1
=,345,78.8385,-4.990667,108,33.3569,74.4,76,380,-1.6074,2021-08-05,1.2168319e+06,9,2.2691482e+07,1
=,345,78.8385,-4.990667,108,33.3569,74.4,76,380,-1.6074,2021-08-05,1.25e+06,12,2.331e+07,1
=,345,78.8385,-4.990667,64,33.3569,74.4,76,380,-1.6074,2021-08-05,7.58934e+13,9,8.7024434e+15,1
=,345,78.8385,-4.990667,28,32.3028,49.9,77,380,-1.5863,2021-08-05,1.76767e+08,9,4.2113797e+09,1
=,345,78.8385,-4.990667,28,32.3028,49.9,77,380,-1.5863,2021-08-05,1.8082714e+08,12,4.30811e+09,1
=,345,78.8385,-4.990667,108,32.3028,49.9,77,380,-1.5863,2021-08-05,769603.9,9,1.9756414e+07,1
=,345,78.8385,-4.990667,108,32.3028,49.9,77,380,-1.5863,2021-08-05,790000.0,12,2.028e+07,1
=,345,78.8385,-4.990667,64,32.3028,49.9,77,380,-1.5863,2021-08-05,1.26489e+14,9,8.6518476e+15,1
=,345,78.8385,-4.990667,28,30.8699,24.6,78,380,-1.0047,2021-08-05,1.881298e+08,9,4.482196e+09,1
=,345,78.8385,-4.990667,28,30.8699,24.6,78,380,-1.0047,2021-08-05,1.9225002e+08,12,4.58036e+09,1
=,345,78.8385,-4.990667,108,30.8699,24.6,78,380,-1.0047,2021-08-05,1.0144014e+06,9,1.7381376e+07,1
=,345,78.8385,-4.990667,108,30.8699,24.6,78,380,-1.0047,2021-08-05,1.04e+06,12,1.782e+07,1
=,345,78.8385,-4.990667,64,30.8699,24.6,78,380,-1.0047,2021-08-05,1.517868e+14,9,8.196487e+15,1
=,345,78.8385,-4.990667,28,29.792,5.2,79,380,-1.1453,2021-08-05,1.857653e+08,9,4.425841e+09,1
=,345,78.8385,-4.990667,28,29.792,5.2,79,380,-1.1453,2021-08-05,1.8964984e+08,12,4.5183903e+09,1
=,345,78.8385,-4.990667,108,29.792,5.2,79,380,-1.1453,2021-08-05,1.0643638e+06,9,1.7918418e+07,1
=,345,78.8385,-4.990667,108,29.792,5.2,79,380,-1.1453,2021-08-05,1.09e+06,12,1.835e+07,1
=,345,78.8385,-4.990667,64,29.792,5.2,79,380,-1.1453,2021-08-05,1.26489e+14,9,7.842318e+15,1
=,345,78.833,-5.9896665,28,34.647,197.9,80,384,0.4674,2021-08-06,1.00729256e+08,9,2.3991214e+09,1
=,345,78.833,-5.9896665,28,34.647,197.9,80,384,0.4674,2021-08-06,1.0319885e+08,12,2.457941e+09,1
=,345,78.833,-5.9896665,108,34.647,197.9,80,384,0.4674,2021-08-06,699875.56,9,2.3300024e+07,1
=,345,78.833,-5.9896665,108,34.647,197.9,80,384,0.4674,2021-08-06,720000.0,12,2.397e+07,1
=,345,78.833,-5.9896665,64,34.647,197.9,80,384,0.4674,2021-08-06,1.770846e+14,9,8.727741e+15,1
=,345,78.833,-5.9896665,28,34.1334,148.5,81,384,-1.2896,2021-08-06,2.0536016e+08,9,4.8928573e+09,1
=,345,78.833,-5.9896665,28,34.1334,148.5,81,384,-1.2896,2021-08-06,2.1032837e+08,12,5.0112287e+09,1
=,345,78.833,-5.9896665,108,34.1334,148.5,81,384,-1.2896,2021-08-06,1.2545536e+06,9,2.4225528e+07,1
=,345,78.833,-5.9896665,108,34.1334,148.5,81,384,-1.2896,2021-08-06,1.29e+06,12,2.491e+07,1
=,345,78.833,-5.9896665,64,34.1334,148.5,81,384,-1.2896,2021-08-06,1.517868e+14,9,8.4241676e+15,1
=,345,78.833,-5.9896665,28,33.3566,98.6,82,384,-1.3064,2021-08-06,2.387467e+08,9,5.688578e+09,1
=,345,78.833,-5.9896665,28,33.3566,98.6,82,384,-1.3064,2021-08-06,2.4436394e+08,12,5.8224195e+09,1
=,345,78.833,-5.9896665,108,33.3566,98.6,82,384,-1.3064,2021-08-06,1.207017e+06,9,2.1044926e+07,1
=,345,78.833,-5.9896665,108,33.3566,98.6,82,384,-1.3064,2021-08-06,1.24e+06,12,2.162e+07,1
=,345,78.833,-5.9896665,64,33.3566,98.6,82,384,-1.3064,2021-08-06,1.770846e+14,9,8.221785e+15,1
=,345,78.833,-5.9896665,28,32.5119,74.3,83,384,-1.5163,2021-08-06,2.0575706e+08,9,4.902317e+09,1
=,345,78.833,-5.9896665,28,32.5119,74.3,83,384,-1.5163,2021-08-06,2.1047536e+08,12,5.014734e+09,1
=,345,78.833,-5.9896665,108,32.5119,74.3,83,384,-1.5163,2021-08-06,730582.06,9,2.1508336e+07,1
=,345,78.833,-5.9896665,108,32.5119,74.3,83,384,-1.5163,2021-08-06,750000.0,12,2.208e+07,1
=,345,78.833,-5.9896665,64,32.5119,74.3,83,384,-1.5163,2021-08-06,1.770846e+14,9,8.373572e+15,1
=,345,78.833,-5.9896665,28,31.7721,49.5,84,384,-1.3435,2021-08-06,1.8163546e+08,9,4.327412e+09,1
=,345,78.833,-5.9896665,28,31.7721,49.5,84,384,-1.3435,2021-08-06,1.8568888e+08,12,4.423984e+09,1
=,345,78.833,-5.9896665,108,31.7721,49.5,84,384,-1.3435,2021-08-06,1.0138424e+06,9,1.6240975e+07,1
=,345,78.833,-5.9896665,108,31.7721,49.5,84,384,-1.3435,2021-08-06,1.04e+06,12,1.666e+07,1
=,345,78.833,-5.9896665,64,31.7721,49.5,84,384,-1.3435,2021-08-06,1.770846e+14,9,7.6399356e+15,1
=,345,78.833,-5.9896665,28,30.5147,24.9,85,384,-0.6773,2021-08-06,1.7992206e+08,9,4.2564488e+09,1
=,345,78.833,-5.9896665,28,30.5147,24.9,85,384,-0.6773,2021-08-06,1.8378709e+08,12,4.347884e+09,1
=,345,78.833,-5.9896665,108,30.5147,24.9,85,384,-0.6773,2021-08-06,1.1514681e+06,9,2.01019e+07,1
=,345,78.833,-5.9896665,108,30.5147,24.9,85,384,-0.6773,2021-08-06,1.18e+06,12,2.06e+07,1
=,345,78.833,-5.9896665,64,30.5147,24.9,85,384,-0.6773,2021-08-06,1.26489e+14,9,8.069998e+15,1
=,345,78.833,-5.9896665,28,30.9508,4.7,86,384,-0.9715,2021-08-06,1.7509974e+08,9,4.171643e+09,1
=,345,78.833,-5.9896665,28,30.9508,4.7,86,384,-0.9715,2021-08-06,1.7869307e+08,12,4.2572516e+09,1
=,345,78.833,-5.9896665,108,30.9508,4.7,86,384,-0.9715,2021-08-06,1.1527205e+06,9,1.7525258e+07,1
=,345,78.833,-5.9896665,108,30.9508,4.7,86,384,-0.9715,2021-08-06,1.18e+06,12,1.794e+07,1
=,345,78.833,-5.9896665,64,30.9508,4.7,86,384,-0.9715,2021-08-06,1.770846e+14,9,7.336362e+15,1
=,345,78.82633,-6.9848332,28,34.212,198.2,87,387,-0.9761,2021-08-06,1.5694842e+08,9,3.739031e+09,1
=,345,78.82633,-6.9848332,28,34.212,198.2,87,387,-0.9761,2021-08-06,1.607442e+08,12,3.829459e+09,1
=,345,78.82633,-6.9848332,28,33.5053,148.4,88,387,-1.7707,2021-08-06,2.7296666e+08,9,6.5470817e+09,1
=,345,78.82633,-6.9848332,28,33.5053,148.4,88,387,-1.7707,2021-08-06,2.794327e+08,12,6.702169e+09,1
=,345,78.82633,-6.9848332,28,32.5668,99.3,89,387,-1.5917,2021-08-06,2.4912109e+08,9,5.935837e+09,1
=,345,78.82633,-6.9848332,28,32.5668,99.3,89,387,-1.5917,2021-08-06,2.5484035e+08,12,6.0721106e+09,1
=,345,78.82633,-6.9848332,28,32.242,74.2,90,387,-1.7219,2021-08-06,1.9287106e+08,9,4.595197e+09,1
=,345,78.82633,-6.9848332,28,32.242,74.2,90,387,-1.7219,2021-08-06,1.9724291e+08,12,4.6993577e+09,1
=,345,78.82633,-6.9848332,28,32.1522,49.8,91,387,-1.6701,2021-08-06,1.9016789e+08,9,4.530771e+09,1
=,345,78.82633,-6.9848332,28,32.1522,49.8,91,387,-1.6701,2021-08-06,1.9446602e+08,12,4.6331745e+09,1
=,345,78.82633,-6.9848332,28,31.8013,24.6,92,387,-1.2582,2021-08-06,2.0092538e+08,9,4.7871606e+09,1
=,345,78.82633,-6.9848332,28,31.8013,24.6,92,387,-1.2582,2021-08-06,2.0541504e+08,12,4.8941297e+09,1
=,345,78.82633,-6.9848332,28,29.777,4.8,93,387,0.2539,2021-08-06,1.7139592e+08,9,4.0833674e+09,1
=,345,78.82633,-6.9848332,28,29.777,4.8,93,387,0.2539,2021-08-06,1.7490091e+08,12,4.1668708e+09,1
=,345,78.83317,-7.999833,28,34.1075,148.4,94,389,-0.8676,2021-08-06,1.5597381e+08,9,3.7158026e+09,1
=,345,78.83317,-7.999833,28,34.1075,148.4,94,389,-0.8676,2021-08-06,1.5973336e+08,12,3.8053673e+09,1
=,345,78.83317,-7.999833,28,33.5682,99.2,95,389,-1.3675,2021-08-06,2.077691e+08,9,4.950271e+09,1
=,345,78.83317,-7.999833,28,33.5682,99.2,95,389,-1.3675,2021-08-06,2.1269926e+08,12,5.067736e+09,1
=,345,78.83317,-7.999833,108,33.5682,99.2,95,389,-1.3675,2021-08-06,1.5863104e+06,9,2.1371398e+07,1
=,345,78.83317,-7.999833,108,33.5682,99.2,95,389,-1.3675,2021-08-06,1.63e+06,12,2.196e+07,1
=,345,78.83317,-7.999833,64,33.5682,99.2,95,389,-1.3675,2021-08-06,1.26489e+14,9,8.6265497e+15,1
=,345,78.83317,-7.999833,28,32.885,74.6,96,389,-1.5404,2021-08-06,2.2184426e+08,9,5.2857324e+09,1
=,345,78.83317,-7.999833,28,32.885,74.6,96,389,-1.5404,2021-08-06,2.2698331e+08,12,5.4081777e+09,1
=,345,78.83317,-7.999833,108,32.885,74.6,96,389,-1.5404,2021-08-06,1.5387168e+06,9,2.317814e+07,1
=,345,78.83317,-7.999833,108,32.885,74.6,96,389,-1.5404,2021-08-06,1.58e+06,12,2.38e+07,1
=,345,78.83317,-7.999833,64,32.885,74.6,96,389,-1.5404,2021-08-06,1.26489e+14,9,8.575954e+15,1
=,345,78.83317,-7.999833,28,32.1331,49.7,97,389,-1.5952,2021-08-06,1.9702846e+08,9,4.6942833e+09,1
=,345,78.83317,-7.999833,28,32.1331,49.7,97,389,-1.5952,2021-08-06,2.0148229e+08,12,4.8003973e+09,1
=,345,78.83317,-7.999833,108,32.1331,49.7,97,389,-1.5952,2021-08-06,1.1499681e+06,9,1.9208366e+07,1
=,345,78.83317,-7.999833,108,32.1331,49.7,97,389,-1.5952,2021-08-06,1.18e+06,12,1.971e+07,1
=,345,78.83317,-7.999833,64,32.1331,49.7,97,389,-1.5952,2021-08-06,1.26489e+14,9,8.4241676e+15,1
=,345,78.83317,-7.999833,28,31.1886,25.0,98,389,-0.6543,2021-08-06,1.9968566e+08,9,4.7576136e+09,1
=,345,78.83317,-7.999833,28,31.1886,25.0,98,389,-0.6543,2021-08-06,2.0409627e+08,12,4.862699e+09,1
=,345,78.83317,-7.999833,108,31.1886,25.0,98,389,-0.6543,2021-08-06,994703.4,9,1.8918868e+07,1
=,345,78.83317,-7.999833,108,31.1886,25.0,98,389,-0.6543,2021-08-06,1.02e+06,12,1.94e+07,1
=,345,78.83317,-7.999833,64,31.1886,25.0,98,389,-0.6543,2021-08-06,1.011912e+14,9,7.7411266e+15,1
=,345,78.83317,-7.999833,28,29.2262,5.0,99,389,0.8596,2021-08-06,1.8953347e+08,9,4.5156506e+09,1
=,345,78.83317,-7.999833,28,29.2262,5.0,99,389,0.8596,2021-08-06,1.9344323e+08,12,4.6088013e+09,1
=,345,78.83317,-7.999833,108,29.2262,5.0,99,389,0.8596,2021-08-06,1.1233454e+06,9,1.734836e+07,1
=,345,78.83317,-7.999833,108,29.2262,5.0,99,389,0.8596,2021-08-06,1.15e+06,12,1.776e+07,1
=,345,78.83317,-7.999833,64,29.2262,5.0,99,389,0.8596,2021-08-06,1.517868e+14,9,7.462851e+15,1
=,345,78.83317,-8.9995,28,34.4226,198.1,101,392,-0.0879,2021-08-07,1.2411365e+08,9,2.9564585e+09,1
=,345,78.83317,-8.9995,28,34.4226,198.1,101,392,-0.0879,2021-08-07,1.2713478e+08,12,3.0284237e+09,1
=,345,78.83317,-8.9995,28,34.1998,149.0,102,392,-0.6666,2021-08-07,1.5632014e+08,9,3.7240568e+09,1
=,345,78.83317,-8.9995,28,34.1998,149.0,102,392,-0.6666,2021-08-07,1.6010757e+08,12,3.8142858e+09,1
=,345,78.83317,-8.9995,28,33.3635,99.2,103,392,-1.4255,2021-08-07,2.3423835e+08,9,5.581128e+09,1
=,345,78.83317,-8.9995,28,33.3635,99.2,103,392,-1.4255,2021-08-07,2.3975995e+08,12,5.7126897e+09,1
=,345,78.83317,-8.9995,28,32.697,74.7,104,392,-1.5704,2021-08-07,2.2242043e+08,9,5.299465e+09,1
=,345,78.83317,-8.9995,28,32.697,74.7,104,392,-1.5704,2021-08-07,2.2754314e+08,12,5.4215204e+09,1
=,345,78.83317,-8.9995,28,32.1271,49.8,105,392,-1.5923,2021-08-07,1.9804752e+08,9,4.718571e+09,1
=,345,78.83317,-8.9995,28,32.1271,49.8,105,392,-1.5923,2021-08-07,2.025208e+08,12,4.825149e+09,1
=,345,78.83317,-8.9995,28,31.1313,24.8,106,392,-0.9815,2021-08-07,2.004871e+08,9,4.7767153e+09,1
=,345,78.83317,-8.9995,28,31.1313,24.8,106,392,-0.9815,2021-08-07,2.0483043e+08,12,4.880197e+09,1
=,345,78.83317,-8.9995,28,29.0882,5.0,107,392,0.4808,2021-08-07,1.7675627e+08,9,4.211124e+09,1
=,345,78.83317,-8.9995,28,29.0882,5.0,107,392,0.4808,2021-08-07,1.8033334e+08,12,4.2963456e+09,1
=,345,78.83617,-10.132667,28,34.2645,198.3,108,395,-0.5623,2021-08-07,1.3928134e+08,9,3.3179604e+09,1
=,345,78.83617,-10.132667,28,34.2645,198.3,108,395,-0.5623,2021-08-07,1.4265528e+08,12,3.3983345e+09,1
=,345,78.83617,-10.132667,108,34.2645,198.3,108,395,-0.5623,2021-08-07,1.2736919e+06,9,2.1088838e+07,1
=,345,78.83617,-10.132667,108,34.2645,198.3,108,395,-0.5623,2021-08-07,1.31e+06,12,2.169e+07,1
=,345,78.83617,-10.132667,64,34.2645,198.3,108,395,-0.5623,2021-08-07,1.26489e+14,9,8.449465e+15,1
=,345,78.83617,-10.132667,28,33.5834,148.5,109,395,-1.1441,2021-08-07,2.080618e+08,9,4.957247e+09,1
=,345,78.83617,-10.132667,28,33.5834,148.5,109,395,-1.1441,2021-08-07,2.1299806e+08,12,5.074858e+09,1
=,345,78.83617,-10.132667,108,33.5834,148.5,109,395,-1.1441,2021-08-07,1.2746092e+06,9,2.159052e+07,1
=,345,78.83617,-10.132667,108,33.5834,148.5,109,395,-1.1441,2021-08-07,1.31e+06,12,2.219e+07,1
=,345,78.83617,-10.132667,64,33.5834,148.5,109,395,-1.1441,2021-08-07,1.26489e+14,9,7.994105e+15,1
=,345,78.83617,-10.132667,28,32.3817,99.3,110,395,-1.6332,2021-08-07,1.9715413e+08,9,4.697278e+09,1
=,345,78.83617,-10.132667,28,32.3817,99.3,110,395,-1.6332,2021-08-07,2.0164458e+08,12,4.804265e+09,1
=,345,78.83617,-10.132667,108,32.3817,99.3,110,395,-1.6332,2021-08-07,1.2079431e+06,9,2.050581e+07,1
=,345,78.83617,-10.132667,108,32.3817,99.3,110,395,-1.6332,2021-08-07,1.24e+06,12,2.105e+07,1
=,345,78.83617,-10.132667,64,32.3817,99.3,110,395,-1.6332,2021-08-07,1.517868e+14,9,8.272381e+15,1
=,345,78.83617,-10.132667,28,32.1947,74.5,111,395,-1.6505,2021-08-07,1.9153326e+08,9,4.5633126e+09,1
=,345,78.83617,-10.132667,28,32.1947,74.5,111,395,-1.6505,2021-08-07,1.9586782e+08,12,4.6665846e+09,1
=,345,78.83617,-10.132667,108,32.1947,74.5,111,395,-1.6505,2021-08-07,1.2862186e+06,9,2.118363e+07,1
=,345,78.83617,-10.132667,108,32.1947,74.5,111,395,-1.6505,2021-08-07,1.32e+06,12,2.174e+07,1
=,345,78.83617,-10.132667,64,32.1947,74.5,111,395,-1.6505,2021-08-07,1.011912e+14,9,8.500061e+15,1
=,345,78.83617,-10.132667,28,32.0877,49.6,112,395,-1.5281,2021-08-07,1.8592773e+08,9,4.4297124e+09,1
=,345,78.83617,-10.132667,28,32.0877,49.6,112,395,-1.5281,2021-08-07,1.9012016e+08,12,4.529597e+09,1
=,345,78.83617,-10.132667,108,32.0877,49.6,112,395,-1.5281,2021-08-07,506796.1,9,2.065194e+07,1
=,345,78.83617,-10.132667,108,32.0877,49.6,112,395,-1.5281,2021-08-07,520000.0,12,2.119e+07,1
=,345,78.83617,-10.132667,64,32.0877,49.6,112,395,-1.5281,2021-08-07,1.011912e+14,9,8.449465e+15,1
=,345,78.83617,-10.132667,28,31.628,24.7,113,395,-0.9118,2021-08-07,1.8494698e+08,9,4.406338e+09,1
=,345,78.83617,-10.132667,28,31.628,24.7,113,395,-0.9118,2021-08-07,1.890544e+08,12,4.5041966e+09,1
=,345,78.83617,-10.132667,108,31.628,24.7,113,395,-0.9118,2021-08-07,1.5796325e+06,9,1.9745406e+07,1
=,345,78.83617,-10.132667,108,31.628,24.7,113,395,-0.9118,2021-08-07,1.62e+06,12,2.025e+07,1
=,345,78.83617,-10.132667,64,31.628,24.7,113,395,-0.9118,2021-08-07,1.26489e+14,9,7.5387446e+15,1
=,345,78.83617,-10.132667,28,29.3753,4.7,114,395,1.1911,2021-08-07,1.7440557e+08,9,4.155098e+09,1
=,345,78.83617,-10.132667,28,29.3753,4.7,114,395,1.1911,2021-08-07,1.7797107e+08,12,4.2400438e+09,1
=,345,78.83617,-10.132667,108,29.3753,4.7,114,395,1.1911,2021-08-07,967271.06,9,1.837815e+07,1
=,345,78.83617,-10.132667,108,29.3753,4.7,114,395,1.1911,2021-08-07,990000.0,12,1.881e+07,1
=,345,78.83617,-10.132667,64,29.3753,4.7,114,395,1.1911,2021-08-07,1.26489e+14,9,7.8170203e+15,1
=,345,78.833336,-16.999834,28,34.6435,247.3,115,411,0.7243,2021-08-09,1.0057295e+08,9,2.395396e+09,1
=,345,78.833336,-16.999834,28,34.6435,247.3,115,411,0.7243,2021-08-09,1.03041464e+08,12,2.4541898e+09,1
=,345,78.833336,-16.999834,28,34.3865,197.6,116,411,0.1015,2021-08-09,1.09857736e+08,9,2.6166874e+09,1
=,345,78.833336,-16.999834,28,34.3865,197.6,116,411,0.1015,2021-08-09,1.1253397e+08,12,2.680432e+09,1
=,345,78.833336,-16.999834,108,34.3865,197.6,116,411,0.1015,2021-08-09,1.2638479e+06,9,2.2020118e+07,1
=,345,78.833336,-16.999834,108,34.3865,197.6,116,411,0.1015,2021-08-09,1.3e+06,12,2.265e+07,1
=,345,78.833336,-16.999834,64,34.3865,197.6,116,411,0.1015,2021-08-09,1.011912e+14,9,9.107208e+15,1
=,345,78.833336,-16.999834,28,32.4228,99.2,117,411,-1.6776,2021-08-09,2.0960032e+08,9,4.993916e+09,1
=,345,78.833336,-16.999834,28,32.4228,99.2,117,411,-1.6776,2021-08-09,2.1441674e+08,12,5.108671e+09,1
=,345,78.833336,-16.999834,108,32.4228,99.2,117,411,-1.6776,2021-08-09,1.0615988e+06,9,1.7784214e+07,1
=,345,78.833336,-16.999834,108,32.4228,99.2,117,411,-1.6776,2021-08-09,1.09e+06,12,1.826e+07,1
=,345,78.833336,-16.999834,64,32.4228,99.2,117,411,-1.6776,2021-08-09,1.26489e+14,9,7.8170203e+15,1
=,345,78.833336,-16.999834,28,32.069,49.6,118,411,-1.5908,2021-08-09,1.8845216e+08,9,4.471369e+09,1
=,345,78.833336,-16.999834,28,32.069,49.6,118,411,-1.5908,2021-08-09,1.9270014e+08,12,4.5721605e+09,1
=,345,78.833336,-16.999834,108,32.069,49.6,118,411,-1.5908,2021-08-09,1.296236e+06,9,2.1402514e+07,1
=,345,78.833336,-16.999834,108,32.069,49.6,118,411,-1.5908,2021-08-09,1.33e+06,12,2.196e+07,1
=,345,78.833336,-16.999834,64,32.069,49.6,118,411,-1.5908,2021-08-09,1.26489e+14,9,8.474763e+15,1
=,345,78.833336,-16.999834,28,31.2555,24.4,119,411,-0.7439,2021-08-09,1.9928966e+08,9,4.728716e+09,1
=,345,78.833336,-16.999834,28,31.2555,24.4,119,411,-0.7439,2021-08-09,2.037257e+08,12,4.833974e+09,1
=,345,78.833336,-16.999834,28,30.0297,5.0,120,411,0.1622,2021-08-09,1.810468e+08,9,4.295522e+09,1
=,345,78.833336,-16.999834,28,30.0297,5.0,120,411,0.1622,2021-08-09,1.8480387e+08,12,4.384662e+09,1
=,345,78.833336,-16.999834,108,30.0297,5.0,120,411,0.1622,2021-08-09,1.0743681e+06,9,1.8137288e+07,1
=,345,78.833336,-16.999834,108,30.0297,5.0,120,411,0.1622,2021-08-09,1.1e+06,12,1.857e+07,1
=,345,78.833336,-16.999834,64,30.0297,5.0,120,411,0.1622,2021-08-09,7.58934e+13,9,7.6146377e+15,1
